{"accuracy": [0.8010225892066956, 0.8402738571166992, 0.852584958076477, 0.8615782260894775, 0.8666174411773682, 0.872724711894989, 0.8764288425445557, 0.8797863721847534, 0.8838711380958557, 0.8860754370689392, 0.8897113800048828, 0.890694260597229, 0.8933871388435364, 0.9050050973892212, 0.9099875092506409, 0.9115895628929138, 0.9216111898422241, 0.9262129068374634], "loss": [0.4394742548465729, 0.36864539980888367, 0.34357792139053345, 0.32563021779060364, 0.3141379654407501, 0.30454060435295105, 0.2954428195953369, 0.28773558139801025, 0.28152191638946533, 0.2757122218608856, 0.2701925039291382, 0.26571083068847656, 0.26163822412490845, 0.23474813997745514, 0.22597363591194153, 0.22038859128952026, 0.19781163334846497, 0.18830972909927368], "val_accuracy": [0.8206794857978821, 0.8491762280464172, 0.8526076674461365, 0.8699693083763123, 0.8729007840156555, 0.8752414584159851, 0.8851039409637451, 0.8843085765838623, 0.8835813999176025, 0.8711055517196655, 0.8948073983192444, 0.8821042776107788, 0.8899216055870056, 0.8993750810623169, 0.8943074941635132, 0.896148145198822, 0.8984661102294922, 0.8973525762557983], "val_loss": [0.3989564776420593, 0.36724063754081726, 0.3412870168685913, 0.30759331583976746, 0.3022271692752838, 0.29893794655799866, 0.2818736135959625, 0.2800379693508148, 0.2785276174545288, 0.3199218809604645, 0.2611733078956604, 0.2810005247592926, 0.26666221022605896, 0.2501350939273834, 0.26874253153800964, 0.26175937056541443, 0.261103093624115, 0.2705777585506439], "learning_rate": [0.0010000000474974513, 0.0010000000474974513, 0.0010000000474974513, 0.0010000000474974513, 0.0010000000474974513, 0.0010000000474974513, 0.0010000000474974513, 0.0010000000474974513, 0.0010000000474974513, 0.0010000000474974513, 0.0010000000474974513, 0.0010000000474974513, 0.0010000000474974513, 0.0005000000237487257, 0.0005000000237487257, 0.0005000000237487257, 0.0002500000118743628, 0.0002500000118743628]}