{"accuracy": [0.7907397150993347, 0.8504374623298645, 0.8677536845207214, 0.8777979612350464, 0.886035680770874, 0.8938359022140503, 0.8985797166824341, 0.9044085741043091, 0.9207192659378052, 0.9276332259178162, 0.9329394102096558, 0.9376320838928223, 0.9529598951339722, 0.9599477052688599], "loss": [0.45218774676322937, 0.3491241931915283, 0.3148967921733856, 0.2921863794326782, 0.27511319518089294, 0.2592277228832245, 0.2504141330718994, 0.23618099093437195, 0.19926787912845612, 0.1846022754907608, 0.17190463840961456, 0.159891277551651, 0.12479709833860397, 0.10797128081321716], "val_accuracy": [0.7915236949920654, 0.866969645023346, 0.8772411942481995, 0.8902851939201355, 0.8640381693840027, 0.8958300352096558, 0.892171323299408, 0.8983297348022461, 0.9063515663146973, 0.9144642949104309, 0.9112828373908997, 0.9101238250732422, 0.9174184799194336, 0.9128735661506653], "val_loss": [0.45487722754478455, 0.3153527081012726, 0.2933776080608368, 0.26740744709968567, 0.32967543601989746, 0.25341102480888367, 0.26350635290145874, 0.263318806886673, 0.23766908049583435, 0.21954204142093658, 0.22435007989406586, 0.23786570131778717, 0.24816487729549408, 0.2734595537185669], "learning_rate": [0.0010000000474974513, 0.0010000000474974513, 0.0010000000474974513, 0.0010000000474974513, 0.0010000000474974513, 0.0010000000474974513, 0.0010000000474974513, 0.0010000000474974513, 0.0005000000237487257, 0.0005000000237487257, 0.0005000000237487257, 0.0005000000237487257, 0.0002500000118743628, 0.0002500000118743628]}