{"accuracy": [0.7292523384094238, 0.8161231875419617, 0.8393250703811646, 0.8523463010787964, 0.8594194054603577, 0.8673161864280701, 0.8727701306343079, 0.8783149719238281, 0.8840358853340149, 0.8897057175636292, 0.8933132886886597, 0.896454930305481, 0.8996989130973816, 0.9014884829521179, 0.9054595828056335, 0.9087830781936646, 0.9225031137466431, 0.9271162152290344, 0.9319792985916138, 0.9436484575271606, 0.9487558007240295], "loss": [0.5182132124900818, 0.41894590854644775, 0.3745269179344177, 0.34687718749046326, 0.33154454827308655, 0.31750839948654175, 0.3056143522262573, 0.29516488313674927, 0.2847294509410858, 0.27174246311187744, 0.26418188214302063, 0.25706323981285095, 0.25096380710601807, 0.2478901594877243, 0.2376009076833725, 0.23120377957820892, 0.19803336262702942, 0.1858658343553543, 0.1749723106622696, 0.1462404429912567, 0.1341819167137146], "val_accuracy": [0.7928871512413025, 0.8361095190048218, 0.8482444882392883, 0.8607431054115295, 0.8650153279304504, 0.8664242625236511, 0.8741506934165955, 0.8819906711578369, 0.8670605421066284, 0.8897398114204407, 0.8911941647529602, 0.8969208002090454, 0.8685376644134521, 0.8986479043960571, 0.8927621841430664, 0.8829905986785889, 0.9064878821372986, 0.8958072662353516, 0.9089648723602295, 0.9083285927772522, 0.9074650406837463], "val_loss": [0.4458165764808655, 0.3738919794559479, 0.35414835810661316, 0.3287472128868103, 0.3160855174064636, 0.3138657808303833, 0.29741713404655457, 0.28774935007095337, 0.30515003204345703, 0.26942771673202515, 0.26752763986587524, 0.2566159665584564, 0.31571289896965027, 0.2533511519432068, 0.2618902623653412, 0.30066657066345215, 0.2403947412967682, 0.26981624960899353, 0.25140634179115295, 0.26793184876441956, 0.2877962291240692], "learning_rate": [0.0010000000474974513, 0.0010000000474974513, 0.0010000000474974513, 0.0010000000474974513, 0.0010000000474974513, 0.0010000000474974513, 0.0010000000474974513, 0.0010000000474974513, 0.0010000000474974513, 0.0010000000474974513, 0.0010000000474974513, 0.0010000000474974513, 0.0010000000474974513, 0.0010000000474974513, 0.0010000000474974513, 0.0010000000474974513, 0.0005000000237487257, 0.0005000000237487257, 0.0005000000237487257, 0.0002500000118743628, 0.0002500000118743628]}