{"accuracy": [0.5947449207305908, 0.594966471195221, 0.594966471195221, 0.594966471195221, 0.594966471195221, 0.594966471195221], "loss": [0.6763525605201721, 0.6751478314399719, 0.6750915050506592, 0.6750202178955078, 0.6750057935714722, 0.6750103235244751], "val_accuracy": [0.594977855682373, 0.594977855682373, 0.594977855682373, 0.594977855682373, 0.594977855682373, 0.594977855682373], "val_loss": [0.6750054359436035, 0.6749956011772156, 0.6750006675720215, 0.6749979257583618, 0.6749976277351379, 0.6749979257583618], "learning_rate": [0.0010000000474974513, 0.0010000000474974513, 0.0010000000474974513, 0.0005000000237487257, 0.0005000000237487257, 0.0002500000118743628]}