{"accuracy": [0.794131338596344, 0.8395466208457947, 0.8540734052658081, 0.8617884516716003, 0.8666856288909912, 0.8746335506439209, 0.8782070279121399, 0.8824054002761841, 0.8857629895210266, 0.8887626528739929, 0.8924781084060669, 0.9048290252685547, 0.9091750979423523, 0.9114362001419067, 0.9147824048995972, 0.9268321990966797, 0.9319679737091064], "loss": [0.4468686878681183, 0.36694860458374023, 0.3384064733982086, 0.3229816257953644, 0.3136323094367981, 0.29884475469589233, 0.2901974618434906, 0.2835560142993927, 0.2756786644458771, 0.26960715651512146, 0.2619565427303314, 0.23470836877822876, 0.22554771602153778, 0.21891681849956512, 0.21185114979743958, 0.18581223487854004, 0.17558734118938446], "val_accuracy": [0.839540958404541, 0.8507896661758423, 0.8640154600143433, 0.8602204322814941, 0.86915123462677, 0.862379252910614, 0.8791273832321167, 0.8803772330284119, 0.8878536820411682, 0.8779911398887634, 0.8827633261680603, 0.8774911761283875, 0.8988524079322815, 0.8970798850059509, 0.8936711549758911, 0.8968526124954224, 0.8992841839790344], "val_loss": [0.3614653944969177, 0.3490864932537079, 0.32296285033226013, 0.32279133796691895, 0.3033704161643982, 0.32565316557884216, 0.29115667939186096, 0.2847258746623993, 0.26806360483169556, 0.28967225551605225, 0.2794090211391449, 0.30148839950561523, 0.2512228786945343, 0.25530436635017395, 0.263243168592453, 0.27129513025283813, 0.2760595977306366], "learning_rate": [0.0010000000474974513, 0.0010000000474974513, 0.0010000000474974513, 0.0010000000474974513, 0.0010000000474974513, 0.0010000000474974513, 0.0010000000474974513, 0.0010000000474974513, 0.0010000000474974513, 0.0010000000474974513, 0.0010000000474974513, 0.0005000000237487257, 0.0005000000237487257, 0.0005000000237487257, 0.0005000000237487257, 0.0002500000118743628, 0.0002500000118743628]}