{"accuracy": [0.8013123273849487, 0.848568320274353, 0.8688842058181763, 0.8855243921279907, 0.8941086530685425, 0.9016929864883423, 0.9206908345222473, 0.9276388883590698, 0.9342915415763855, 0.9495057463645935, 0.9577206969261169], "loss": [0.44676387310028076, 0.3584066927433014, 0.3164472281932831, 0.28355374932289124, 0.2650206685066223, 0.24902966618537903, 0.20669125020503998, 0.18991702795028687, 0.17535234987735748, 0.13692432641983032, 0.11719056218862534], "val_accuracy": [0.8462674617767334, 0.8688558340072632, 0.8694921135902405, 0.8988069295883179, 0.8988751173019409, 0.8955345749855042, 0.9169639945030212, 0.9161231517791748, 0.9129416942596436, 0.9157595634460449, 0.9191682934761047], "val_loss": [0.35801762342453003, 0.3090752363204956, 0.3076933026313782, 0.2484649121761322, 0.2494271844625473, 0.258274108171463, 0.21345552802085876, 0.22025828063488007, 0.22543911635875702, 0.23493359982967377, 0.23468708992004395], "learning_rate": [0.0010000000474974513, 0.0010000000474974513, 0.0010000000474974513, 0.0010000000474974513, 0.0010000000474974513, 0.0010000000474974513, 0.0005000000237487257, 0.0005000000237487257, 0.0005000000237487257, 0.0002500000118743628, 0.0002500000118743628]}