{"accuracy": [0.5948358178138733, 0.594966471195221, 0.594966471195221, 0.594966471195221, 0.594966471195221, 0.594966471195221, 0.594966471195221, 0.594966471195221, 0.594966471195221, 0.594966471195221], "loss": [0.6798210740089417, 0.6751495003700256, 0.6751059889793396, 0.6750777363777161, 0.6750604510307312, 0.6750196814537048, 0.6750150322914124, 0.6750105023384094, 0.6750075221061707, 0.6750154495239258], "val_accuracy": [0.594977855682373, 0.594977855682373, 0.594977855682373, 0.594977855682373, 0.594977855682373, 0.594977855682373, 0.594977855682373, 0.594977855682373, 0.594977855682373, 0.594977855682373], "val_loss": [0.6749983429908752, 0.674998939037323, 0.6749974489212036, 0.675015926361084, 0.6750049591064453, 0.6749948859214783, 0.6750105023384094, 0.6750026345252991, 0.6749962568283081, 0.6749951839447021], "learning_rate": [0.0010000000474974513, 0.0010000000474974513, 0.0010000000474974513, 0.0005000000237487257, 0.0005000000237487257, 0.0002500000118743628, 0.0002500000118743628, 0.0001250000059371814, 0.0001250000059371814, 6.25000029685907e-05]}