{"accuracy": [0.793046236038208, 0.8343483805656433, 0.8479547500610352, 0.8564197421073914, 0.8628053665161133, 0.8679354786872864, 0.8814111948013306, 0.8856891393661499, 0.8893989324569702, 0.8925519585609436, 0.8961197733879089, 0.8987842202186584, 0.9017384648323059, 0.9046528935432434, 0.9072832465171814, 0.9085103869438171, 0.9216679930686951, 0.9269173741340637], "loss": [0.45665091276168823, 0.38172513246536255, 0.35546618700027466, 0.33797237277030945, 0.32546961307525635, 0.3147742748260498, 0.28650951385498047, 0.27810797095298767, 0.26936691999435425, 0.263618141412735, 0.25567102432250977, 0.24950920045375824, 0.24302124977111816, 0.2367534190416336, 0.23049210011959076, 0.2265131175518036, 0.1982356458902359, 0.18658186495304108], "val_accuracy": [0.8302465677261353, 0.8523122668266296, 0.8449949026107788, 0.8652880191802979, 0.8635154962539673, 0.8654471039772034, 0.8676059246063232, 0.8774230480194092, 0.8862629532814026, 0.886035680770874, 0.8858084082603455, 0.8859902024269104, 0.8880581855773926, 0.8915350437164307, 0.8851721286773682, 0.884672224521637, 0.8873537182807922, 0.8841949701309204], "val_loss": [0.3874429762363434, 0.3375152349472046, 0.3557945489883423, 0.31748709082603455, 0.32006287574768066, 0.31863856315612793, 0.3121735453605652, 0.2872754633426666, 0.27658045291900635, 0.2797064781188965, 0.2750368118286133, 0.2754605710506439, 0.2727675437927246, 0.2670094668865204, 0.28105753660202026, 0.28990960121154785, 0.2866249978542328, 0.3180791437625885], "learning_rate": [0.0010000000474974513, 0.0010000000474974513, 0.0010000000474974513, 0.0010000000474974513, 0.0010000000474974513, 0.0010000000474974513, 0.0005000000237487257, 0.0005000000237487257, 0.0005000000237487257, 0.0005000000237487257, 0.0005000000237487257, 0.0005000000237487257, 0.0005000000237487257, 0.0005000000237487257, 0.0005000000237487257, 0.0005000000237487257, 0.0002500000118743628, 0.0002500000118743628]}