{"accuracy": [0.7694523334503174, 0.8256164193153381, 0.8492046594619751, 0.859373927116394, 0.868191123008728, 0.8747187852859497, 0.8802977204322815, 0.884507417678833, 0.8872855305671692, 0.8901829123497009, 0.8938472867012024, 0.9056243896484375, 0.9092319011688232, 0.911544144153595, 0.9221451878547668, 0.924548327922821], "loss": [0.47681769728660583, 0.39517709612846375, 0.34830260276794434, 0.32742711901664734, 0.31124842166900635, 0.2978823781013489, 0.2869934141635895, 0.27903807163238525, 0.27213573455810547, 0.26660820841789246, 0.2595663070678711, 0.23396353423595428, 0.22440730035305023, 0.21853923797607422, 0.19632062315940857, 0.18822941184043884], "val_accuracy": [0.7876377701759338, 0.8441086411476135, 0.8537893295288086, 0.8619474768638611, 0.8730825781822205, 0.8786956071853638, 0.8783774375915527, 0.8849676251411438, 0.8921031951904297, 0.881308913230896, 0.8840131759643555, 0.8990342020988464, 0.894352912902832, 0.8926485776901245, 0.8984888195991516, 0.89639812707901], "val_loss": [0.45346954464912415, 0.35223498940467834, 0.353725790977478, 0.3283502459526062, 0.30657845735549927, 0.2923160791397095, 0.2947527766227722, 0.2777861952781677, 0.2648599445819855, 0.28405603766441345, 0.2794717848300934, 0.2506244480609894, 0.25977253913879395, 0.27697044610977173, 0.261902779340744, 0.27276644110679626], "learning_rate": [0.0010000000474974513, 0.0010000000474974513, 0.0010000000474974513, 0.0010000000474974513, 0.0010000000474974513, 0.0010000000474974513, 0.0010000000474974513, 0.0010000000474974513, 0.0010000000474974513, 0.0010000000474974513, 0.0010000000474974513, 0.0005000000237487257, 0.0005000000237487257, 0.0005000000237487257, 0.0002500000118743628, 0.0002500000118743628]}