{"accuracy": [0.7918645739555359, 0.8418134450912476, 0.8599704504013062, 0.8716111779212952, 0.881877064704895, 0.8898079991340637, 0.8962219953536987, 0.8998409509658813, 0.9042608737945557, 0.9083058834075928, 0.923253059387207, 0.9285706281661987, 0.9335927963256836, 0.9470571279525757, 0.9533405303955078], "loss": [0.45188280940055847, 0.36130014061927795, 0.3261725604534149, 0.30369412899017334, 0.28440988063812256, 0.2692210376262665, 0.2559576630592346, 0.24782481789588928, 0.23838751018047333, 0.22989264130592346, 0.19480858743190765, 0.18177315592765808, 0.17061078548431396, 0.13838450610637665, 0.12362713366746902], "val_accuracy": [0.8215202689170837, 0.8578343391418457, 0.8629928231239319, 0.8766958117485046, 0.8889444470405579, 0.889876127243042, 0.8922849893569946, 0.8947392106056213, 0.8974661827087402, 0.8849903345108032, 0.9093057513237, 0.9016929864883423, 0.9086467623710632, 0.9071014523506165, 0.9007613062858582], "val_loss": [0.421197772026062, 0.3330014944076538, 0.3239113688468933, 0.29224511981010437, 0.2672792673110962, 0.2655681073665619, 0.2602347433567047, 0.2563307285308838, 0.2577810287475586, 0.2879329323768616, 0.23552252352237701, 0.2550147771835327, 0.24218995869159698, 0.26410725712776184, 0.31719550490379333], "learning_rate": [0.0010000000474974513, 0.0010000000474974513, 0.0010000000474974513, 0.0010000000474974513, 0.0010000000474974513, 0.0010000000474974513, 0.0010000000474974513, 0.0010000000474974513, 0.0010000000474974513, 0.0010000000474974513, 0.0005000000237487257, 0.0005000000237487257, 0.0005000000237487257, 0.0002500000118743628, 0.0002500000118743628]}