{"accuracy": [0.8046813011169434, 0.8491876125335693, 0.8659982085227966, 0.8758891224861145, 0.8852176070213318, 0.8911885023117065, 0.8976252675056458, 0.9020111560821533, 0.9064878821372986, 0.9220713376998901, 0.9278774857521057, 0.931962251663208, 0.9374048113822937, 0.9508123993873596, 0.9565617442131042], "loss": [0.4331492781639099, 0.34943437576293945, 0.3153606355190277, 0.2930503487586975, 0.27724626660346985, 0.2648625373840332, 0.25280189514160156, 0.24253810942173004, 0.234199658036232, 0.19786088168621063, 0.18386557698249817, 0.17381355166435242, 0.16213108599185944, 0.1299249231815338, 0.1158602386713028], "val_accuracy": [0.8369048833847046, 0.8610612154006958, 0.8677650094032288, 0.8819906711578369, 0.8883762955665588, 0.8945801854133606, 0.9033291935920715, 0.9010112285614014, 0.8981024622917175, 0.9095102548599243, 0.9102147221565247, 0.9116918444633484, 0.9102147221565247, 0.9106010794639587, 0.9113509654998779], "val_loss": [0.3834109306335449, 0.3305051922798157, 0.31453824043273926, 0.28350067138671875, 0.2688848078250885, 0.25590065121650696, 0.2426813244819641, 0.2427571713924408, 0.2519201934337616, 0.23061485588550568, 0.22788231074810028, 0.23344333469867706, 0.2553829848766327, 0.2530306279659271, 0.2771890461444855], "learning_rate": [0.0010000000474974513, 0.0010000000474974513, 0.0010000000474974513, 0.0010000000474974513, 0.0010000000474974513, 0.0010000000474974513, 0.0010000000474974513, 0.0010000000474974513, 0.0010000000474974513, 0.0005000000237487257, 0.0005000000237487257, 0.0005000000237487257, 0.0005000000237487257, 0.0002500000118743628, 0.0002500000118743628]}