{"accuracy": [0.5946369767189026, 0.594966471195221, 0.594966471195221, 0.594966471195221, 0.594966471195221, 0.594966471195221, 0.594966471195221, 0.594966471195221, 0.594966471195221, 0.594966471195221, 0.594966471195221, 0.594966471195221, 0.594966471195221, 0.594966471195221, 0.594966471195221, 0.594966471195221, 0.594966471195221], "loss": [0.6778454780578613, 0.6753251552581787, 0.6752443909645081, 0.6750933527946472, 0.6750707030296326, 0.6750512719154358, 0.6750413775444031, 0.6750068664550781, 0.6750280261039734, 0.6750275492668152, 0.674981951713562, 0.6750075817108154, 0.6750009059906006, 0.6750190258026123, 0.6750461459159851, 0.6750156879425049, 0.6749962568283081], "val_accuracy": [0.594977855682373, 0.594977855682373, 0.594977855682373, 0.594977855682373, 0.594977855682373, 0.594977855682373, 0.594977855682373, 0.594977855682373, 0.594977855682373, 0.594977855682373, 0.594977855682373, 0.594977855682373, 0.594977855682373, 0.594977855682373, 0.594977855682373, 0.594977855682373, 0.594977855682373], "val_loss": [0.6750417947769165, 0.6751001477241516, 0.6752214431762695, 0.6750272512435913, 0.6749972701072693, 0.6749992966651917, 0.6749969720840454, 0.6749987602233887, 0.6750011444091797, 0.6749962568283081, 0.6749978065490723, 0.6749952435493469, 0.6749939918518066, 0.6749947667121887, 0.6750027537345886, 0.6750026345252991, 0.6749966740608215], "learning_rate": [0.0010000000474974513, 0.0010000000474974513, 0.0010000000474974513, 0.0005000000237487257, 0.0005000000237487257, 0.0002500000118743628, 0.0002500000118743628, 0.0001250000059371814, 0.0001250000059371814, 6.25000029685907e-05, 6.25000029685907e-05, 3.125000148429535e-05, 3.125000148429535e-05, 1.5625000742147677e-05, 1.5625000742147677e-05, 7.812500371073838e-06, 7.812500371073838e-06]}