{"accuracy": [0.7980343103408813, 0.8456084728240967, 0.8631121516227722, 0.8734291791915894, 0.8815646171569824, 0.8885411024093628, 0.8933814167976379, 0.8975287079811096, 0.9017555117607117, 0.9056413769721985, 0.9090955853462219, 0.9234916567802429, 0.9286501407623291, 0.9329848885536194, 0.9371548891067505, 0.9413646459579468, 0.9539313912391663, 0.9597545862197876], "loss": [0.44370654225349426, 0.35687893629074097, 0.3240516483783722, 0.30297183990478516, 0.2877136170864105, 0.27207934856414795, 0.2620258331298828, 0.2533206045627594, 0.24316976964473724, 0.23587583005428314, 0.22735169529914856, 0.19419044256210327, 0.1818469613790512, 0.17146466672420502, 0.16249549388885498, 0.15273115038871765, 0.12047433853149414, 0.10682063549757004], "val_accuracy": [0.8133394122123718, 0.8661742806434631, 0.8651971220970154, 0.8801727294921875, 0.884240448474884, 0.8905805945396423, 0.8896262049674988, 0.8957391381263733, 0.9054880142211914, 0.9042608737945557, 0.9006476402282715, 0.9075559377670288, 0.9079195261001587, 0.9112600684165955, 0.9082604050636292, 0.905147135257721, 0.9089421629905701, 0.9062606692314148], "val_loss": [0.4163419306278229, 0.3154726028442383, 0.3124539256095886, 0.286996066570282, 0.2817328870296478, 0.2711949348449707, 0.27591848373413086, 0.25765126943588257, 0.23757138848304749, 0.2377784252166748, 0.24868372082710266, 0.2400026172399521, 0.23374037444591522, 0.23173725605010986, 0.23912645876407623, 0.27132710814476013, 0.27396121621131897, 0.3344617784023285], "learning_rate": [0.0010000000474974513, 0.0010000000474974513, 0.0010000000474974513, 0.0010000000474974513, 0.0010000000474974513, 0.0010000000474974513, 0.0010000000474974513, 0.0010000000474974513, 0.0010000000474974513, 0.0010000000474974513, 0.0010000000474974513, 0.0005000000237487257, 0.0005000000237487257, 0.0005000000237487257, 0.0005000000237487257, 0.0005000000237487257, 0.0002500000118743628, 0.0002500000118743628]}