{"accuracy": [0.7944097518920898, 0.8360754251480103, 0.8515452742576599, 0.8605101704597473, 0.8659015893936157, 0.8725769519805908, 0.8776388764381409, 0.8804340362548828, 0.8850414752960205, 0.8881434202194214, 0.8902624845504761, 0.8923815488815308, 0.8954039216041565, 0.89702308177948, 0.8962845206260681, 0.910027265548706, 0.913589358329773, 0.9167367219924927, 0.9263549447059631, 0.9300761222839355], "loss": [0.45014917850494385, 0.37392133474349976, 0.3440436124801636, 0.32465097308158875, 0.31298473477363586, 0.30301594734191895, 0.29155710339546204, 0.28570860624313354, 0.27847957611083984, 0.2711889445781708, 0.267314612865448, 0.2619345486164093, 0.25656038522720337, 0.2521759569644928, 0.25092917680740356, 0.2217995673418045, 0.21224266290664673, 0.2055899202823639, 0.18214920163154602, 0.173164501786232], "val_accuracy": [0.8287240266799927, 0.8362458944320679, 0.8639472723007202, 0.868401288986206, 0.865424394607544, 0.8702419996261597, 0.8826951384544373, 0.8843085765838623, 0.8845131397247314, 0.8854675889015198, 0.8906487822532654, 0.8824679255485535, 0.8933075666427612, 0.8903306722640991, 0.8933530449867249, 0.8931712508201599, 0.890876054763794, 0.8948073983192444, 0.8952391743659973, 0.8937393426895142], "val_loss": [0.38749659061431885, 0.3647432029247284, 0.3175531029701233, 0.3086462914943695, 0.31254687905311584, 0.30474671721458435, 0.2817918658256531, 0.28249624371528625, 0.2749101519584656, 0.2796573042869568, 0.2683730125427246, 0.28460001945495605, 0.26629772782325745, 0.2732732892036438, 0.272612065076828, 0.26611414551734924, 0.273718923330307, 0.2708854079246521, 0.27997544407844543, 0.2988250255584717], "learning_rate": [0.0010000000474974513, 0.0010000000474974513, 0.0010000000474974513, 0.0010000000474974513, 0.0010000000474974513, 0.0010000000474974513, 0.0010000000474974513, 0.0010000000474974513, 0.0010000000474974513, 0.0010000000474974513, 0.0010000000474974513, 0.0010000000474974513, 0.0010000000474974513, 0.0010000000474974513, 0.0010000000474974513, 0.0005000000237487257, 0.0005000000237487257, 0.0005000000237487257, 0.0002500000118743628, 0.0002500000118743628]}