{"accuracy": [0.5947790145874023, 0.594966471195221, 0.594966471195221, 0.594966471195221, 0.594966471195221, 0.594966471195221, 0.594966471195221], "loss": [0.6760233044624329, 0.6751626133918762, 0.6750932335853577, 0.675055742263794, 0.6750032901763916, 0.6750336289405823, 0.6750338077545166], "val_accuracy": [0.594977855682373, 0.594977855682373, 0.594977855682373, 0.594977855682373, 0.594977855682373, 0.594977855682373, 0.594977855682373], "val_loss": [0.6749983429908752, 0.6750794649124146, 0.6749953031539917, 0.6749963164329529, 0.6750026345252991, 0.6750007271766663, 0.6749954223632812], "learning_rate": [0.0010000000474974513, 0.0010000000474974513, 0.0010000000474974513, 0.0005000000237487257, 0.0005000000237487257, 0.0002500000118743628, 0.0002500000118743628]}