{"accuracy": [0.8013407588005066, 0.8544142842292786, 0.8700374960899353, 0.8818373084068298, 0.8874446153640747, 0.8965515494346619, 0.8990001082420349, 0.9061583876609802, 0.9118565917015076, 0.9145210981369019, 0.9298375248908997, 0.9366094470024109, 0.9403874278068542, 0.9462390542030334, 0.9605158567428589, 0.9666685461997986], "loss": [0.4365029036998749, 0.34109988808631897, 0.3091357350349426, 0.2853299379348755, 0.27317896485328674, 0.2547537684440613, 0.25003284215927124, 0.2353694885969162, 0.2230967879295349, 0.21687310934066772, 0.17991158366203308, 0.16523024439811707, 0.15782977640628815, 0.14302341639995575, 0.10937769711017609, 0.09461752325296402], "val_accuracy": [0.8498579859733582, 0.871764600276947, 0.8728780746459961, 0.8820361495018005, 0.8755368590354919, 0.8887399435043335, 0.9042835831642151, 0.9117600321769714, 0.9116464257240295, 0.9073741436004639, 0.9212816953659058, 0.9230996370315552, 0.9166231155395508, 0.916077733039856, 0.9175547957420349, 0.9121463298797607], "val_loss": [0.35037514567375183, 0.3047931492328644, 0.3065680265426636, 0.28676265478134155, 0.2914728820323944, 0.2772323191165924, 0.23992761969566345, 0.22738265991210938, 0.22749873995780945, 0.23114922642707825, 0.20855961740016937, 0.20512892305850983, 0.22145754098892212, 0.22849522531032562, 0.2510395050048828, 0.2893730103969574], "learning_rate": [0.0010000000474974513, 0.0010000000474974513, 0.0010000000474974513, 0.0010000000474974513, 0.0010000000474974513, 0.0010000000474974513, 0.0010000000474974513, 0.0010000000474974513, 0.0010000000474974513, 0.0010000000474974513, 0.0005000000237487257, 0.0005000000237487257, 0.0005000000237487257, 0.0005000000237487257, 0.0002500000118743628, 0.0002500000118743628]}