{"accuracy": [0.7757697701454163, 0.8190659880638123, 0.8397852778434753, 0.8527042269706726, 0.858788788318634, 0.8622656464576721, 0.8680263757705688, 0.872224748134613, 0.8773491382598877, 0.8800704479217529, 0.8824110627174377, 0.8850982785224915, 0.8865242600440979, 0.8998863697052002, 0.9033575654029846, 0.9065617322921753, 0.9094932675361633, 0.9127201437950134, 0.9229178428649902, 0.9268776178359985], "loss": [0.4758768081665039, 0.41092249751091003, 0.37061503529548645, 0.3476237952709198, 0.33288809657096863, 0.32420724630355835, 0.3131679594516754, 0.3044031858444214, 0.2964046597480774, 0.28928810358047485, 0.2835026681423187, 0.2775772213935852, 0.2732776701450348, 0.24503232538700104, 0.23571904003620148, 0.2280072718858719, 0.22154662013053894, 0.21472828090190887, 0.1900627166032791, 0.1806439310312271], "val_accuracy": [0.8162935972213745, 0.831405520439148, 0.8421997427940369, 0.8243381381034851, 0.8657652735710144, 0.8691285252571106, 0.8725144863128662, 0.8700374960899353, 0.8745369911193848, 0.875286877155304, 0.8824679255485535, 0.879831850528717, 0.8815816640853882, 0.8829224109649658, 0.8845358490943909, 0.8877173066139221, 0.8853766322135925, 0.8868310451507568, 0.8847176432609558, 0.8827860355377197], "val_loss": [0.4093954265117645, 0.38132444024086, 0.35873106122016907, 0.3771718144416809, 0.31668663024902344, 0.30957314372062683, 0.2994230389595032, 0.30803364515304565, 0.2952841818332672, 0.29671549797058105, 0.2828240394592285, 0.2903245687484741, 0.2912249267101288, 0.2820647954940796, 0.28527605533599854, 0.27791091799736023, 0.2890957295894623, 0.28934478759765625, 0.30574697256088257, 0.3166099190711975], "learning_rate": [0.0010000000474974513, 0.0010000000474974513, 0.0010000000474974513, 0.0010000000474974513, 0.0010000000474974513, 0.0010000000474974513, 0.0010000000474974513, 0.0010000000474974513, 0.0010000000474974513, 0.0010000000474974513, 0.0010000000474974513, 0.0010000000474974513, 0.0010000000474974513, 0.0005000000237487257, 0.0005000000237487257, 0.0005000000237487257, 0.0005000000237487257, 0.0005000000237487257, 0.0002500000118743628, 0.0002500000118743628]}