{"accuracy": [0.5946767330169678, 0.594966471195221, 0.594966471195221, 0.594966471195221, 0.594966471195221, 0.642114520072937, 0.8173616528511047, 0.8498636484146118, 0.8655436635017395, 0.8794000744819641, 0.8898931741714478, 0.8994432687759399, 0.9072321057319641, 0.9130666851997375, 0.9294455051422119, 0.9345642328262329, 0.9400238394737244, 0.9521815776824951, 0.9565504193305969], "loss": [0.6760620474815369, 0.6753629446029663, 0.6751736998558044, 0.675057053565979, 0.675079345703125, 0.626048743724823, 0.411320298910141, 0.34778374433517456, 0.3185911178588867, 0.29052266478538513, 0.26891443133354187, 0.2493860125541687, 0.23280489444732666, 0.22005100548267365, 0.1829422414302826, 0.17018048465251923, 0.15665540099143982, 0.1288328766822815, 0.1180841475725174], "val_accuracy": [0.594977855682373, 0.594977855682373, 0.594977855682373, 0.594977855682373, 0.594977855682373, 0.7897965908050537, 0.8428815007209778, 0.865310788154602, 0.8697420954704285, 0.8883762955665588, 0.8884444832801819, 0.9064424633979797, 0.8722872138023376, 0.8985342383384705, 0.9230996370315552, 0.917872965335846, 0.9129189848899841, 0.9274628162384033, 0.9269173741340637], "val_loss": [0.6750233173370361, 0.6750262975692749, 0.6750163435935974, 0.6750317811965942, 0.6749972105026245, 0.4556256830692291, 0.360127329826355, 0.3151940703392029, 0.3011702001094818, 0.2673889696598053, 0.26605361700057983, 0.23238345980644226, 0.29640334844589233, 0.25712576508522034, 0.1998213529586792, 0.20939424633979797, 0.2189711183309555, 0.20626263320446014, 0.2105720341205597], "learning_rate": [0.0010000000474974513, 0.0010000000474974513, 0.0010000000474974513, 0.0005000000237487257, 0.0005000000237487257, 0.0002500000118743628, 0.0002500000118743628, 0.0002500000118743628, 0.0002500000118743628, 0.0002500000118743628, 0.0002500000118743628, 0.0002500000118743628, 0.0002500000118743628, 0.0002500000118743628, 0.0001250000059371814, 0.0001250000059371814, 0.0001250000059371814, 6.25000029685907e-05, 6.25000029685907e-05]}