{"accuracy": [0.8032950758934021, 0.8490512371063232, 0.8690205812454224, 0.8849278688430786, 0.8951994180679321, 0.9031189680099487, 0.909317135810852, 0.9146915078163147, 0.9193273782730103, 0.9151630401611328, 0.9265537858009338, 0.930417001247406, 0.932905375957489, 0.9493352770805359, 0.9569935202598572], "loss": [0.43695443868637085, 0.3506666421890259, 0.31173765659332275, 0.28119081258773804, 0.25965917110443115, 0.2431609183549881, 0.23047392070293427, 0.21851690113544464, 0.20774048566818237, 0.21886757016181946, 0.1901441365480423, 0.18307898938655853, 0.17583177983760834, 0.13594555854797363, 0.11764457821846008], "val_accuracy": [0.8537211418151855, 0.8637881875038147, 0.8484035730361938, 0.8868083357810974, 0.8954209685325623, 0.9032155275344849, 0.9068060517311096, 0.9011021256446838, 0.9063969850540161, 0.9163958430290222, 0.9166231155395508, 0.916327714920044, 0.9181229472160339, 0.9170776009559631, 0.9194636940956116], "val_loss": [0.34502044320106506, 0.32305312156677246, 0.3474377691745758, 0.2676296830177307, 0.2587316334247589, 0.23678387701511383, 0.2347172647714615, 0.24747656285762787, 0.23055745661258698, 0.2119496613740921, 0.21176080405712128, 0.2134840190410614, 0.21254578232765198, 0.21813097596168518, 0.22447380423545837], "learning_rate": [0.0010000000474974513, 0.0010000000474974513, 0.0010000000474974513, 0.0010000000474974513, 0.0010000000474974513, 0.0010000000474974513, 0.0010000000474974513, 0.0010000000474974513, 0.0010000000474974513, 0.0010000000474974513, 0.0010000000474974513, 0.0010000000474974513, 0.0010000000474974513, 0.0005000000237487257, 0.0005000000237487257]}