{"accuracy": [0.5947222113609314, 0.594966471195221, 0.594966471195221, 0.594966471195221, 0.594966471195221, 0.594966471195221, 0.594966471195221, 0.594966471195221], "loss": [0.6747511029243469, 0.6753662824630737, 0.6752647161483765, 0.6751759648323059, 0.6751732230186462, 0.6751185655593872, 0.6751053929328918, 0.6751023530960083], "val_accuracy": [0.594977855682373, 0.594977855682373, 0.594977855682373, 0.594977855682373, 0.594977855682373, 0.594977855682373, 0.594977855682373, 0.594977855682373], "val_loss": [0.6751139163970947, 0.6750494837760925, 0.675278902053833, 0.6749962568283081, 0.6749975681304932, 0.6749993562698364, 0.6749996542930603, 0.675004243850708], "learning_rate": [0.0010000000474974513, 0.0010000000474974513, 0.0010000000474974513, 0.0005000000237487257, 0.0005000000237487257, 0.0005000000237487257, 0.0002500000118743628, 0.0002500000118743628]}