{"accuracy": [0.7919157147407532, 0.8525621891021729, 0.8724406361579895, 0.88591068983078, 0.8944267630577087, 0.9024826884269714, 0.9072889685630798, 0.9123622179031372, 0.9182876944541931, 0.9217134714126587, 0.938149094581604, 0.9438359141349792, 0.9488069415092468, 0.9631632566452026, 0.9689353704452515], "loss": [0.44414809346199036, 0.3413026034832001, 0.30228644609451294, 0.27583545446395874, 0.25781750679016113, 0.24106517434120178, 0.2306312918663025, 0.22030463814735413, 0.20808599889278412, 0.19972477853298187, 0.16229861974716187, 0.14743731915950775, 0.13529205322265625, 0.10063449293375015, 0.0852578654885292], "val_accuracy": [0.8443131446838379, 0.8684694766998291, 0.8936939239501953, 0.8901715874671936, 0.9028974175453186, 0.9103965163230896, 0.8931484818458557, 0.913850724697113, 0.9102374911308289, 0.9049199223518372, 0.9235996007919312, 0.9223951697349548, 0.9191682934761047, 0.9210317134857178, 0.9235768914222717], "val_loss": [0.36497631669044495, 0.30974242091178894, 0.2597152888774872, 0.26557040214538574, 0.24012017250061035, 0.22468866407871246, 0.2591198682785034, 0.22117437422275543, 0.22268900275230408, 0.23807433247566223, 0.2007840871810913, 0.20401228964328766, 0.217092826962471, 0.2312745451927185, 0.25784948468208313], "learning_rate": [0.0010000000474974513, 0.0010000000474974513, 0.0010000000474974513, 0.0010000000474974513, 0.0010000000474974513, 0.0010000000474974513, 0.0010000000474974513, 0.0010000000474974513, 0.0010000000474974513, 0.0010000000474974513, 0.0005000000237487257, 0.0005000000237487257, 0.0005000000237487257, 0.0002500000118743628, 0.0002500000118743628]}