{"accuracy": [0.8004829287528992, 0.8504260778427124, 0.8648222088813782, 0.8780990839004517, 0.8866378664970398, 0.8933814167976379, 0.8998125195503235, 0.9025962948799133, 0.906368613243103, 0.910209059715271, 0.907635509967804, 0.9238495826721191, 0.9297977685928345, 0.9336438775062561, 0.9450914859771729, 0.9503408670425415], "loss": [0.4317396581172943, 0.34602847695350647, 0.3172152042388916, 0.29094377160072327, 0.2731390595436096, 0.26045656204223633, 0.24761810898780823, 0.23905548453330994, 0.23079313337802887, 0.22460711002349854, 0.2287665456533432, 0.19366204738616943, 0.17933781445026398, 0.17111705243587494, 0.14338354766368866, 0.13171197474002838], "val_accuracy": [0.8508124351501465, 0.8663560748100281, 0.8712873458862305, 0.8863765597343445, 0.8990342020988464, 0.890194296836853, 0.902601957321167, 0.9002613425254822, 0.9058061838150024, 0.8982388377189636, 0.9051698446273804, 0.9171457886695862, 0.9152368903160095, 0.9149641990661621, 0.9182365536689758, 0.9157368540763855], "val_loss": [0.3453148305416107, 0.3181319236755371, 0.2972114682197571, 0.27524179220199585, 0.2521998882293701, 0.2704140841960907, 0.2426697313785553, 0.2500884532928467, 0.2327619045972824, 0.25328096747398376, 0.24118554592132568, 0.2174896001815796, 0.22129732370376587, 0.22158992290496826, 0.2294878363609314, 0.2445247769355774], "learning_rate": [0.0010000000474974513, 0.0010000000474974513, 0.0010000000474974513, 0.0010000000474974513, 0.0010000000474974513, 0.0010000000474974513, 0.0010000000474974513, 0.0010000000474974513, 0.0010000000474974513, 0.0010000000474974513, 0.0010000000474974513, 0.0005000000237487257, 0.0005000000237487257, 0.0005000000237487257, 0.0002500000118743628, 0.0002500000118743628]}