{"accuracy": [0.7880354523658752, 0.8221735954284668, 0.8396773338317871, 0.8512441515922546, 0.8626803755760193, 0.8726621866226196, 0.8784683346748352, 0.8827406167984009, 0.8860868215560913, 0.9006987810134888, 0.9049539566040039, 0.9078229665756226, 0.9163390398025513, 0.9191910028457642, 0.9223042726516724, 0.9287297129631042, 0.9308090209960938], "loss": [0.45786646008491516, 0.3989572525024414, 0.3652478754520416, 0.3425595760345459, 0.32047393918037415, 0.3027840256690979, 0.29012438654899597, 0.28141888976097107, 0.2743539810180664, 0.24373486638069153, 0.23414218425750732, 0.2284134328365326, 0.20748567581176758, 0.20082849264144897, 0.19391004741191864, 0.1787000596523285, 0.17385552823543549], "val_accuracy": [0.8230428099632263, 0.8407680988311768, 0.8478808999061584, 0.8565163016319275, 0.8614020943641663, 0.8797181844711304, 0.8875355124473572, 0.8666742444038391, 0.8811725974082947, 0.8966253995895386, 0.8934211730957031, 0.8712873458862305, 0.9031246304512024, 0.903351902961731, 0.8993523716926575, 0.9030337333679199, 0.8978752493858337], "val_loss": [0.3968227207660675, 0.3672368824481964, 0.3455031216144562, 0.3314349055290222, 0.32542261481285095, 0.2941148579120636, 0.27926668524742126, 0.3163262903690338, 0.29367178678512573, 0.2573547959327698, 0.26516711711883545, 0.3181608021259308, 0.24634023010730743, 0.24705320596694946, 0.25919482111930847, 0.25734516978263855, 0.27482038736343384], "learning_rate": [0.0010000000474974513, 0.0010000000474974513, 0.0010000000474974513, 0.0010000000474974513, 0.0010000000474974513, 0.0010000000474974513, 0.0010000000474974513, 0.0010000000474974513, 0.0010000000474974513, 0.0005000000237487257, 0.0005000000237487257, 0.0005000000237487257, 0.0002500000118743628, 0.0002500000118743628, 0.0002500000118743628, 0.0001250000059371814, 0.0001250000059371814]}