{"accuracy": [0.7995398044586182, 0.8467957973480225, 0.8614987134933472, 0.871639609336853, 0.8798091411590576, 0.8875923156738281, 0.8948755860328674, 0.8990057706832886, 0.9019088745117188, 0.906425416469574, 0.9208840131759644, 0.9261958599090576, 0.9314112067222595, 0.9452335238456726, 0.95210200548172], "loss": [0.44118425250053406, 0.3553713858127594, 0.3257257044315338, 0.3051053285598755, 0.29007208347320557, 0.274252712726593, 0.25923171639442444, 0.2506425380706787, 0.2439526617527008, 0.23479785025119781, 0.20139557123184204, 0.18679751455783844, 0.17531205713748932, 0.14186148345470428, 0.12654781341552734], "val_accuracy": [0.8413589596748352, 0.860084056854248, 0.8700829744338989, 0.879763662815094, 0.888012707233429, 0.884672224521637, 0.8928985595703125, 0.9018065929412842, 0.8926712870597839, 0.8939211368560791, 0.9078059196472168, 0.9045108556747437, 0.9048517346382141, 0.9081922769546509, 0.9063969850540161], "val_loss": [0.3562659025192261, 0.32008615136146545, 0.3058404326438904, 0.283255934715271, 0.2719677984714508, 0.28159722685813904, 0.2620382606983185, 0.24514740705490112, 0.2633802890777588, 0.25793182849884033, 0.23601330816745758, 0.24246887862682343, 0.24435125291347504, 0.25566545128822327, 0.28594085574150085], "learning_rate": [0.0010000000474974513, 0.0010000000474974513, 0.0010000000474974513, 0.0010000000474974513, 0.0010000000474974513, 0.0010000000474974513, 0.0010000000474974513, 0.0010000000474974513, 0.0010000000474974513, 0.0010000000474974513, 0.0005000000237487257, 0.0005000000237487257, 0.0005000000237487257, 0.0002500000118743628, 0.0002500000118743628]}