{"accuracy": [0.5948073863983154, 0.594966471195221, 0.594966471195221, 0.594966471195221, 0.594966471195221, 0.594966471195221], "loss": [0.6762980818748474, 0.6751644611358643, 0.6750607490539551, 0.6750360131263733, 0.6750114560127258, 0.6750292778015137], "val_accuracy": [0.594977855682373, 0.594977855682373, 0.594977855682373, 0.594977855682373, 0.594977855682373, 0.594977855682373], "val_loss": [0.6750007271766663, 0.6749983429908752, 0.675006091594696, 0.6750317215919495, 0.6750046610832214, 0.6749985814094543], "learning_rate": [0.0010000000474974513, 0.0010000000474974513, 0.0010000000474974513, 0.0005000000237487257, 0.0005000000237487257, 0.0002500000118743628]}