{"accuracy": [0.7823031544685364, 0.8337859511375427, 0.8604533672332764, 0.8773832321166992, 0.8888080716133118, 0.8986649513244629, 0.9045108556747437, 0.9107828736305237, 0.9289512634277344, 0.9358311295509338, 0.9427281022071838, 0.9593114256858826, 0.9677479863166809], "loss": [0.4657045006752014, 0.3767237365245819, 0.32648947834968567, 0.2935900092124939, 0.2703651487827301, 0.25112295150756836, 0.2367907166481018, 0.22700491547584534, 0.18580417335033417, 0.1686321645975113, 0.15306851267814636, 0.11295711249113083, 0.09159999340772629], "val_accuracy": [0.8318145871162415, 0.856425404548645, 0.8733553290367126, 0.8801954388618469, 0.892239511013031, 0.9068969488143921, 0.879581868648529, 0.8998068571090698, 0.9216452836990356, 0.9153505563735962, 0.915327787399292, 0.9211680293083191, 0.919304609298706], "val_loss": [0.3842446804046631, 0.3383159935474396, 0.29839757084846497, 0.2864479720592499, 0.26852673292160034, 0.23561348021030426, 0.29609063267707825, 0.2487693876028061, 0.20731092989444733, 0.22066737711429596, 0.2197132408618927, 0.2423096001148224, 0.2665684223175049], "learning_rate": [0.0010000000474974513, 0.0010000000474974513, 0.0010000000474974513, 0.0010000000474974513, 0.0010000000474974513, 0.0010000000474974513, 0.0010000000474974513, 0.0010000000474974513, 0.0005000000237487257, 0.0005000000237487257, 0.0005000000237487257, 0.0002500000118743628, 0.0002500000118743628]}