{"accuracy": [0.5949494242668152, 0.594966471195221, 0.594966471195221, 0.594966471195221, 0.594966471195221, 0.594966471195221], "loss": [0.6757596135139465, 0.6752936244010925, 0.675199568271637, 0.6751589775085449, 0.6751083135604858, 0.6750988364219666], "val_accuracy": [0.594977855682373, 0.594977855682373, 0.594977855682373, 0.594977855682373, 0.594977855682373, 0.594977855682373], "val_loss": [0.675004780292511, 0.6750004291534424, 0.675011157989502, 0.6750326752662659, 0.6751216650009155, 0.6750085353851318], "learning_rate": [0.0010000000474974513, 0.0010000000474974513, 0.0010000000474974513, 0.0005000000237487257, 0.0005000000237487257, 0.0002500000118743628]}