{"accuracy": [0.5948187708854675, 0.594966471195221, 0.594966471195221, 0.594966471195221, 0.594966471195221, 0.594966471195221, 0.594966471195221], "loss": [0.6929571628570557, 0.6753047704696655, 0.6750988960266113, 0.6750346422195435, 0.6750240325927734, 0.675021231174469, 0.6750255823135376], "val_accuracy": [0.594977855682373, 0.594977855682373, 0.594977855682373, 0.594977855682373, 0.594977855682373, 0.594977855682373, 0.594977855682373], "val_loss": [0.6750292181968689, 0.6751219034194946, 0.6750015616416931, 0.6750214099884033, 0.6750769019126892, 0.6750391721725464, 0.6750078797340393], "learning_rate": [0.0010000000474974513, 0.0010000000474974513, 0.0010000000474974513, 0.0005000000237487257, 0.0005000000237487257, 0.0002500000118743628, 0.0002500000118743628]}