{"accuracy": [0.7952675819396973, 0.8418304920196533, 0.8581808805465698, 0.8733439445495605, 0.8854277729988098, 0.8951596617698669, 0.9029883146286011, 0.9081922769546509, 0.9125440120697021, 0.9150210022926331, 0.9344052076339722, 0.941097617149353, 0.9452789425849915, 0.96079421043396, 0.9668617248535156], "loss": [0.45591306686401367, 0.37006717920303345, 0.33759650588035583, 0.3062533438205719, 0.28340470790863037, 0.26312604546546936, 0.24616746604442596, 0.23448416590690613, 0.2232949435710907, 0.22130857408046722, 0.17525559663772583, 0.1590075045824051, 0.14709509909152985, 0.10911837965250015, 0.09358870983123779], "val_accuracy": [0.8227246999740601, 0.8544256091117859, 0.8572662472724915, 0.8803999423980713, 0.886035680770874, 0.8948982954025269, 0.8996250629425049, 0.9117145538330078, 0.8974207639694214, 0.9111009836196899, 0.9193955063819885, 0.9191455245018005, 0.9173957705497742, 0.9193500876426697, 0.9171684980392456], "val_loss": [0.3890994191169739, 0.33166784048080444, 0.33089956641197205, 0.28823378682136536, 0.2864781618118286, 0.25642526149749756, 0.24844573438167572, 0.2243722528219223, 0.2667270004749298, 0.22637073695659637, 0.21449579298496246, 0.21857212483882904, 0.22850869596004486, 0.26261410117149353, 0.29315128922462463], "learning_rate": [0.0010000000474974513, 0.0010000000474974513, 0.0010000000474974513, 0.0010000000474974513, 0.0010000000474974513, 0.0010000000474974513, 0.0010000000474974513, 0.0010000000474974513, 0.0010000000474974513, 0.0010000000474974513, 0.0005000000237487257, 0.0005000000237487257, 0.0005000000237487257, 0.0002500000118743628, 0.0002500000118743628]}