{"accuracy": [0.7928871512413025, 0.8433132767677307, 0.8603510856628418, 0.8714861869812012, 0.8806442618370056, 0.8884502053260803, 0.8943074941635132, 0.8960572481155396, 0.9028406143188477, 0.9191853404045105, 0.9237757325172424, 0.9285194873809814, 0.9317066073417664, 0.9446710348129272, 0.9506476521492004], "loss": [0.45086807012557983, 0.36046236753463745, 0.32626867294311523, 0.30430445075035095, 0.2852267026901245, 0.2702786326408386, 0.2587200701236725, 0.25773584842681885, 0.24006271362304688, 0.2060987800359726, 0.19389426708221436, 0.18430383503437042, 0.17519903182983398, 0.14543212950229645, 0.13151298463344574], "val_accuracy": [0.8301101922988892, 0.8348596692085266, 0.8700602054595947, 0.8794682621955872, 0.8805590271949768, 0.8911487460136414, 0.8996704816818237, 0.8940120339393616, 0.8961027264595032, 0.9062151908874512, 0.9125099182128906, 0.904647171497345, 0.9094193577766418, 0.9120554327964783, 0.9127599000930786], "val_loss": [0.39252427220344543, 0.36559802293777466, 0.3046208918094635, 0.2854882776737213, 0.2831079959869385, 0.2664031982421875, 0.24834536015987396, 0.2551393210887909, 0.25371891260147095, 0.230001762509346, 0.21905653178691864, 0.23994041979312897, 0.2371441125869751, 0.23842887580394745, 0.25378409028053284], "learning_rate": [0.0010000000474974513, 0.0010000000474974513, 0.0010000000474974513, 0.0010000000474974513, 0.0010000000474974513, 0.0010000000474974513, 0.0010000000474974513, 0.0010000000474974513, 0.0010000000474974513, 0.0005000000237487257, 0.0005000000237487257, 0.0005000000237487257, 0.0005000000237487257, 0.0002500000118743628, 0.0002500000118743628]}