{"accuracy": [0.5948017239570618, 0.594966471195221, 0.594966471195221, 0.594966471195221, 0.594966471195221, 0.594966471195221, 0.594966471195221, 0.594966471195221], "loss": [0.6758039593696594, 0.6752445697784424, 0.6751773953437805, 0.6750960350036621, 0.675105094909668, 0.6750498414039612, 0.6750438809394836, 0.6750405430793762], "val_accuracy": [0.594977855682373, 0.594977855682373, 0.594977855682373, 0.594977855682373, 0.594977855682373, 0.594977855682373, 0.594977855682373, 0.594977855682373], "val_loss": [0.6750268340110779, 0.6750573515892029, 0.6750103831291199, 0.6749993562698364, 0.6750024557113647, 0.6750040054321289, 0.675005316734314, 0.6750119924545288], "learning_rate": [0.0010000000474974513, 0.0010000000474974513, 0.0010000000474974513, 0.0005000000237487257, 0.0005000000237487257, 0.0002500000118743628, 0.0002500000118743628, 0.0001250000059371814]}