{"accuracy": [0.5946937799453735, 0.594966471195221, 0.594966471195221, 0.594966471195221, 0.594966471195221, 0.594966471195221, 0.594966471195221, 0.594966471195221, 0.594966471195221], "loss": [0.6772930026054382, 0.6753008365631104, 0.6751793622970581, 0.6751756072044373, 0.6751776933670044, 0.6750579476356506, 0.6750695705413818, 0.6750748753547668, 0.6750698685646057], "val_accuracy": [0.594977855682373, 0.594977855682373, 0.594977855682373, 0.594977855682373, 0.594977855682373, 0.594977855682373, 0.594977855682373, 0.594977855682373, 0.594977855682373], "val_loss": [0.6750136613845825, 0.6752773523330688, 0.675130307674408, 0.6750622987747192, 0.674995481967926, 0.6750160455703735, 0.674997091293335, 0.6749988198280334, 0.6750043034553528], "learning_rate": [0.0010000000474974513, 0.0010000000474974513, 0.0010000000474974513, 0.0005000000237487257, 0.0005000000237487257, 0.0002500000118743628, 0.0002500000118743628, 0.0001250000059371814, 0.0001250000059371814]}