{"accuracy": [0.8027042150497437, 0.8452959656715393, 0.8623451590538025, 0.8734518885612488, 0.8824338316917419, 0.8913816809654236, 0.8970060348510742, 0.902209997177124, 0.9050732851028442, 0.9096181988716125, 0.9131292104721069, 0.9166174530982971, 0.9195318818092346, 0.9218327403068542, 0.9384615421295166, 0.9432791471481323], "loss": [0.4424436092376709, 0.3616490960121155, 0.3276076912879944, 0.3056371510028839, 0.2864215075969696, 0.26896700263023376, 0.25690096616744995, 0.24404877424240112, 0.23624929785728455, 0.22644338011741638, 0.22012296319007874, 0.2120680809020996, 0.2048000991344452, 0.19874857366085052, 0.16012588143348694, 0.14773878455162048], "val_accuracy": [0.843199610710144, 0.8529485464096069, 0.8731734752655029, 0.8863538503646851, 0.8856039047241211, 0.8838768601417542, 0.8997386693954468, 0.9033064246177673, 0.9053971171379089, 0.9088512659072876, 0.9085103869438171, 0.9103283882141113, 0.9073741436004639, 0.8981252312660217, 0.9124644994735718, 0.9082604050636292], "val_loss": [0.36421969532966614, 0.3348756432533264, 0.2942134737968445, 0.27947038412094116, 0.275259405374527, 0.27566736936569214, 0.2550297677516937, 0.2390625923871994, 0.23199960589408875, 0.23039287328720093, 0.22976206243038177, 0.2227405160665512, 0.23281536996364594, 0.2569161653518677, 0.23869588971138, 0.24039897322654724], "learning_rate": [0.0010000000474974513, 0.0010000000474974513, 0.0010000000474974513, 0.0010000000474974513, 0.0010000000474974513, 0.0010000000474974513, 0.0010000000474974513, 0.0010000000474974513, 0.0010000000474974513, 0.0010000000474974513, 0.0010000000474974513, 0.0010000000474974513, 0.0010000000474974513, 0.0010000000474974513, 0.0005000000237487257, 0.0005000000237487257]}