{"accuracy": [0.8540961146354675, 0.884672224521637, 0.8934836983680725, 0.90061354637146, 0.9061413407325745, 0.9147824048995972, 0.9181286096572876, 0.9212873578071594, 0.9267355799674988, 0.9287183284759521, 0.9299057126045227, 0.930348813533783, 0.935035765171051, 0.9362004399299622, 0.9370355606079102, 0.9374275803565979, 0.9395920634269714, 0.9401545524597168, 0.9408532977104187, 0.9416543841362, 0.9422736167907715, 0.9429894089698792], "loss": [0.33907589316368103, 0.2811739444732666, 0.25939011573791504, 0.24505232274532318, 0.23189572989940643, 0.21318739652633667, 0.20528081059455872, 0.2002742886543274, 0.18772806227207184, 0.18217474222183228, 0.1808921992778778, 0.17723038792610168, 0.16775426268577576, 0.16571350395679474, 0.16387973725795746, 0.1616555005311966, 0.1567070633172989, 0.15600231289863586, 0.15512584149837494, 0.15313009917736053, 0.15076491236686707, 0.14994749426841736], "val_accuracy": [0.7496420741081238, 0.869651198387146, 0.8739461302757263, 0.813839316368103, 0.8741279244422913, 0.9102602005004883, 0.7997727394104004, 0.8831042051315308, 0.9069196581840515, 0.9175093770027161, 0.9031928181648254, 0.9147369861602783, 0.9156004786491394, 0.9201908707618713, 0.9152141809463501, 0.9184410572052002, 0.9191001057624817, 0.9256675243377686, 0.9242813587188721, 0.9238722920417786, 0.9256221055984497, 0.9253948330879211], "val_loss": [0.7699069976806641, 0.31172552704811096, 0.3073655664920807, 0.5104093551635742, 0.32350894808769226, 0.2275068610906601, 0.6280213594436646, 0.2744670808315277, 0.2325296401977539, 0.20569808781147003, 0.24685318768024445, 0.21906477212905884, 0.22221553325653076, 0.20055706799030304, 0.22003263235092163, 0.20862528681755066, 0.21491555869579315, 0.19393861293792725, 0.19510376453399658, 0.19734971225261688, 0.1944347321987152, 0.19630974531173706], "learning_rate": [0.0010000000474974513, 0.0010000000474974513, 0.0010000000474974513, 0.0010000000474974513, 0.0010000000474974513, 0.0005000000237487257, 0.0005000000237487257, 0.0005000000237487257, 0.0002500000118743628, 0.0002500000118743628, 0.0002500000118743628, 0.0002500000118743628, 0.0001250000059371814, 0.0001250000059371814, 0.0001250000059371814, 0.0001250000059371814, 6.25000029685907e-05, 6.25000029685907e-05, 6.25000029685907e-05, 6.25000029685907e-05, 3.125000148429535e-05, 3.125000148429535e-05]}