{"accuracy": [0.8418588638305664, 0.8738893270492554, 0.8867117166519165, 0.8982104063034058, 0.9052096605300903, 0.9112884998321533, 0.9165037870407104, 0.9212476015090942, 0.9293091893196106, 0.9330360293388367, 0.9357913732528687, 0.9375014305114746, 0.9452221393585205, 0.9467503428459167, 0.9487160444259644, 0.9527269601821899, 0.9544767737388611], "loss": [0.3610594868659973, 0.29774028062820435, 0.2725391089916229, 0.25101980566978455, 0.2349211722612381, 0.22163338959217072, 0.2098369300365448, 0.20047126710414886, 0.1803969293832779, 0.17297589778900146, 0.1665257066488266, 0.16119754314422607, 0.14529728889465332, 0.14093616604804993, 0.1365288645029068, 0.1267193853855133, 0.12267520278692245], "val_accuracy": [0.8246790170669556, 0.806522011756897, 0.8459038734436035, 0.8660379648208618, 0.8561981320381165, 0.8945574164390564, 0.8851721286773682, 0.801363468170166, 0.8943756222724915, 0.9068969488143921, 0.8408362865447998, 0.8857402801513672, 0.9282808899879456, 0.9191001057624817, 0.9188047051429749, 0.8889444470405579, 0.9295080304145813], "val_loss": [0.41303393244743347, 0.4448515772819519, 0.3738822340965271, 0.31594178080558777, 0.342830091714859, 0.27043417096138, 0.272298663854599, 0.6468779444694519, 0.269340455532074, 0.23255246877670288, 0.45689406991004944, 0.28670716285705566, 0.18515737354755402, 0.21163932979106903, 0.21133950352668762, 0.3189868628978729, 0.1924843192100525], "learning_rate": [0.0010000000474974513, 0.0010000000474974513, 0.0010000000474974513, 0.0010000000474974513, 0.0010000000474974513, 0.0010000000474974513, 0.0010000000474974513, 0.0010000000474974513, 0.0005000000237487257, 0.0005000000237487257, 0.0005000000237487257, 0.0005000000237487257, 0.0002500000118743628, 0.0002500000118743628, 0.0002500000118743628, 0.0001250000059371814, 0.0001250000059371814]}