{"accuracy": [0.8566980957984924, 0.8959493041038513, 0.9091296195983887, 0.917191207408905, 0.9233723282814026, 0.9345585703849792, 0.9392682909965515, 0.9437052607536316, 0.9468185305595398, 0.9502840638160706, 0.9537950158119202, 0.9635723233222961, 0.9664867520332336, 0.9697023034095764, 0.9763606190681458, 0.977940022945404], "loss": [0.3365790545940399, 0.25577619671821594, 0.22739660739898682, 0.2097969800233841, 0.19658994674682617, 0.16955484449863434, 0.15954531729221344, 0.14952707290649414, 0.14213745296001434, 0.13246402144432068, 0.1241464838385582, 0.100741446018219, 0.09252331405878067, 0.0848659798502922, 0.06836924701929092, 0.06317546218633652], "val_accuracy": [0.8125894665718079, 0.7645040154457092, 0.8788092136383057, 0.8129758238792419, 0.7373707294464111, 0.8774457573890686, 0.911669135093689, 0.8080445528030396, 0.9170321822166443, 0.8667424321174622, 0.90751051902771, 0.9345301389694214, 0.9041245579719543, 0.9033973217010498, 0.9311214685440063, 0.9243040680885315], "val_loss": [0.42186248302459717, 0.5947837233543396, 0.30038636922836304, 0.4703945517539978, 1.6246505975723267, 0.3116742670536041, 0.23042766749858856, 0.6113947033882141, 0.20869998633861542, 0.3450375497341156, 0.2423146367073059, 0.20188899338245392, 0.29672670364379883, 0.35907992720603943, 0.2180185467004776, 0.24031460285186768], "learning_rate": [0.0010000000474974513, 0.0010000000474974513, 0.0010000000474974513, 0.0010000000474974513, 0.0010000000474974513, 0.0005000000237487257, 0.0005000000237487257, 0.0005000000237487257, 0.0005000000237487257, 0.0005000000237487257, 0.0005000000237487257, 0.0002500000118743628, 0.0002500000118743628, 0.0002500000118743628, 0.0001250000059371814, 0.0001250000059371814]}