{"accuracy": [0.8418588638305664, 0.8733155131340027, 0.8897398114204407, 0.9003919959068298, 0.9073060154914856, 0.9123338460922241, 0.9230712652206421, 0.9261106848716736, 0.9287978410720825, 0.9318827390670776, 0.9387228488922119, 0.9410408139228821, 0.9421201944351196, 0.9451709985733032, 0.9497727751731873, 0.951016902923584], "loss": [0.3627842962741852, 0.3016600012779236, 0.2694365978240967, 0.24735352396965027, 0.23238086700439453, 0.22079192101955414, 0.19790895283222198, 0.19098803400993347, 0.18377569317817688, 0.17855779826641083, 0.16143368184566498, 0.156177818775177, 0.15220841765403748, 0.14620991051197052, 0.13512594997882843, 0.13136065006256104], "val_accuracy": [0.7638677358627319, 0.8133166432380676, 0.7843881249427795, 0.8700602054595947, 0.814839243888855, 0.8788092136383057, 0.8644472360610962, 0.9223724603652954, 0.8640381693840027, 0.8953755497932434, 0.9143052101135254, 0.9239404797554016, 0.9077377319335938, 0.861333966255188, 0.8984206318855286, 0.9243040680885315], "val_loss": [0.5541207790374756, 0.4429871737957001, 0.525870680809021, 0.31215810775756836, 0.43025729060173035, 0.31295377016067505, 0.331931471824646, 0.19880805909633636, 0.35700201988220215, 0.255189448595047, 0.22315534949302673, 0.19402778148651123, 0.23410017788410187, 0.41307899355888367, 0.2706594169139862, 0.20872992277145386], "learning_rate": [0.0010000000474974513, 0.0010000000474974513, 0.0010000000474974513, 0.0010000000474974513, 0.0010000000474974513, 0.0010000000474974513, 0.0005000000237487257, 0.0005000000237487257, 0.0005000000237487257, 0.0005000000237487257, 0.0002500000118743628, 0.0002500000118743628, 0.0002500000118743628, 0.0002500000118743628, 0.0001250000059371814, 0.0001250000059371814]}