{"accuracy": [0.8590614795684814, 0.8958584070205688, 0.9075616598129272, 0.9167367219924927, 0.9216452836990356, 0.9258493185043335, 0.9295591115951538, 0.9339734315872192, 0.9438927173614502, 0.9470628499984741, 0.9508010745048523, 0.9545221924781799, 0.9569821357727051, 0.9657425284385681, 0.9690433144569397], "loss": [0.33229324221611023, 0.25608912110328674, 0.22922688722610474, 0.2113223373889923, 0.1998884230852127, 0.19066478312015533, 0.18170638382434845, 0.17214392125606537, 0.14791901409626007, 0.13937370479106903, 0.13070356845855713, 0.12348639965057373, 0.11589181423187256, 0.0943908616900444, 0.08592869341373444], "val_accuracy": [0.7778661251068115, 0.7404385805130005, 0.8098852634429932, 0.7487331032752991, 0.8403136134147644, 0.8971253037452698, 0.8808771967887878, 0.8615838885307312, 0.9042154550552368, 0.8264970183372498, 0.9170776009559631, 0.8532666563987732, 0.8849676251411438, 0.8771048784255981, 0.9138052463531494], "val_loss": [0.9557530879974365, 2.032989501953125, 0.5379319190979004, 0.9272774457931519, 0.4228682219982147, 0.25172242522239685, 0.3066543638706207, 0.3866954445838928, 0.2508944869041443, 0.5715035796165466, 0.21651075780391693, 0.3734215795993805, 0.31793543696403503, 0.4330957233905792, 0.2761605679988861], "learning_rate": [0.0010000000474974513, 0.0010000000474974513, 0.0010000000474974513, 0.0010000000474974513, 0.0010000000474974513, 0.0010000000474974513, 0.0010000000474974513, 0.0010000000474974513, 0.0005000000237487257, 0.0005000000237487257, 0.0005000000237487257, 0.0005000000237487257, 0.0005000000237487257, 0.0002500000118743628, 0.0002500000118743628]}