{"accuracy": [0.8653164505958557, 0.9003295302391052, 0.9142881631851196, 0.9296727776527405, 0.934075653553009, 0.9376775622367859, 0.9412964582443237, 0.945631206035614, 0.9530110359191895, 0.9568514823913574], "loss": [0.3204021453857422, 0.24849890172481537, 0.21824899315834045, 0.18530701100826263, 0.17337436974048615, 0.16506695747375488, 0.15600696206092834, 0.1477176398038864, 0.12824764847755432, 0.11875777691602707], "val_accuracy": [0.8751959800720215, 0.8302465677261353, 0.8375411629676819, 0.9005340337753296, 0.7659129500389099, 0.9291444420814514, 0.8807181119918823, 0.7537779808044434, 0.9299852252006531, 0.9157368540763855], "val_loss": [0.2963235378265381, 0.5571068525314331, 0.5268122553825378, 0.2575362026691437, 0.7803189158439636, 0.18619808554649353, 0.2839944064617157, 1.2107672691345215, 0.19038821756839752, 0.23628973960876465], "learning_rate": [0.0010000000474974513, 0.0010000000474974513, 0.0010000000474974513, 0.0005000000237487257, 0.0005000000237487257, 0.0005000000237487257, 0.0005000000237487257, 0.0005000000237487257, 0.0002500000118743628, 0.0002500000118743628]}