{"accuracy": [0.8524656295776367, 0.8870980739593506, 0.9042097330093384, 0.9156118631362915, 0.9234405159950256, 0.9347460269927979, 0.9378024935722351, 0.9404897093772888, 0.9432052969932556, 0.9465742707252502, 0.949039876461029, 0.9513066411018372, 0.9587717056274414, 0.9621463418006897], "loss": [0.3432179093360901, 0.2745499312877655, 0.23906290531158447, 0.21427327394485474, 0.1980392038822174, 0.17269060015678406, 0.16325868666172028, 0.15685880184173584, 0.14931847155094147, 0.14299094676971436, 0.13708387315273285, 0.13087989389896393, 0.1128806620836258, 0.10512814670801163], "val_accuracy": [0.8480854630470276, 0.8660151958465576, 0.8739234209060669, 0.8195659518241882, 0.7513236999511719, 0.9097148180007935, 0.8759004473686218, 0.9211907982826233, 0.9213953018188477, 0.9334620833396912, 0.922099769115448, 0.808135449886322, 0.9357345700263977, 0.8988978266716003], "val_loss": [0.3598141372203827, 0.3290195167064667, 0.3217773735523224, 0.5079576969146729, 0.8582826256752014, 0.23663535714149475, 0.30950191617012024, 0.1986914426088333, 0.20312277972698212, 0.17667116224765778, 0.20014114677906036, 0.5769764184951782, 0.18340128660202026, 0.2749619781970978], "learning_rate": [0.0010000000474974513, 0.0010000000474974513, 0.0010000000474974513, 0.0010000000474974513, 0.0010000000474974513, 0.0005000000237487257, 0.0005000000237487257, 0.0005000000237487257, 0.0005000000237487257, 0.0005000000237487257, 0.0005000000237487257, 0.0005000000237487257, 0.0002500000118743628, 0.0002500000118743628]}