{"accuracy": [0.8629928231239319, 0.902266800403595, 0.9171287417411804, 0.9253494143486023, 0.931308925151825, 0.9430803060531616, 0.947608232498169], "loss": [0.3228752315044403, 0.24273906648159027, 0.21021093428134918, 0.19299747049808502, 0.17965362966060638, 0.15146450698375702, 0.14085020124912262], "val_accuracy": [0.7974321246147156, 0.7066469788551331, 0.9071923494338989, 0.8905124664306641, 0.8736961483955383, 0.8989660143852234, 0.9016475677490234], "val_loss": [0.4829970598220825, 0.7567010521888733, 0.24299214780330658, 0.2726459205150604, 0.3012622892856598, 0.24789714813232422, 0.28012779355049133], "learning_rate": [0.0010000000474974513, 0.0010000000474974513, 0.0010000000474974513, 0.0010000000474974513, 0.0010000000474974513, 0.0005000000237487257, 0.0005000000237487257]}