{"accuracy": [0.8426599502563477, 0.8784058690071106, 0.8940688371658325, 0.9018974900245667, 0.9077945947647095, 0.913850724697113, 0.923895001411438, 0.9268719553947449, 0.930752158164978, 0.9374446272850037, 0.9400295615196228, 0.9425860643386841, 0.943267822265625, 0.9488353729248047, 0.9507555961608887], "loss": [0.3603403866291046, 0.2904966175556183, 0.2590172290802002, 0.2407226264476776, 0.22810083627700806, 0.21706213057041168, 0.19231536984443665, 0.18627206981182098, 0.1771392673254013, 0.16165664792060852, 0.15678150951862335, 0.15033866465091705, 0.14689402282238007, 0.13538356125354767, 0.13130462169647217], "val_accuracy": [0.7443245053291321, 0.7908874154090881, 0.8711510300636292, 0.8936484456062317, 0.7724349498748779, 0.8821497559547424, 0.9143733382225037, 0.8236109614372253, 0.8832178115844727, 0.9272355437278748, 0.9285989999771118, 0.9217588901519775, 0.9178502559661865, 0.9145097136497498, 0.8741506934165955], "val_loss": [0.8086008429527283, 0.4998098611831665, 0.30151981115341187, 0.2744376063346863, 0.6662728190422058, 0.30220523476600647, 0.21726401150226593, 0.5411556363105774, 0.31340405344963074, 0.18746942281723022, 0.18638134002685547, 0.19939497113227844, 0.21280808746814728, 0.23740865290164948, 0.36103737354278564], "learning_rate": [0.0010000000474974513, 0.0010000000474974513, 0.0010000000474974513, 0.0010000000474974513, 0.0010000000474974513, 0.0010000000474974513, 0.0005000000237487257, 0.0005000000237487257, 0.0005000000237487257, 0.0002500000118743628, 0.0002500000118743628, 0.0002500000118743628, 0.0002500000118743628, 0.0001250000059371814, 0.0001250000059371814]}