{"accuracy": [0.8644188046455383, 0.9025792479515076, 0.9168162941932678, 0.924923300743103, 0.9299340844154358, 0.9355016350746155, 0.9392001032829285, 0.9428985118865967, 0.9477559328079224, 0.9506874084472656, 0.954408586025238, 0.9567378759384155, 0.9607715010643005, 0.9731564521789551, 0.9769628643989563, 0.978888750076294, 0.9817066192626953, 0.9881263375282288, 0.9897966384887695], "loss": [0.3224917948246002, 0.242506206035614, 0.21256184577941895, 0.19566428661346436, 0.18363253772258759, 0.16981899738311768, 0.1602081060409546, 0.15210871398448944, 0.14022529125213623, 0.13186568021774292, 0.12306204438209534, 0.11599064618349075, 0.10592444241046906, 0.07572703063488007, 0.06502111256122589, 0.05933566018939018, 0.051708586513996124, 0.03455609828233719, 0.03011036105453968], "val_accuracy": [0.7643676996231079, 0.8116804957389832, 0.8729235529899597, 0.8617884516716003, 0.8862629532814026, 0.8858993053436279, 0.8200886249542236, 0.9070560336112976, 0.8349960446357727, 0.918191134929657, 0.9283490777015686, 0.7807748913764954, 0.868901252746582, 0.8974207639694214, 0.926008403301239, 0.8871719241142273, 0.924644947052002, 0.9103510975837708, 0.9449835419654846], "val_loss": [0.9365235567092896, 0.4896659851074219, 0.30688878893852234, 0.3894081115722656, 0.2927996814250946, 0.2746543884277344, 0.5504655241966248, 0.2562572956085205, 0.5437707901000977, 0.2329649180173874, 0.21904167532920837, 1.0376394987106323, 0.3860427737236023, 0.3894326984882355, 0.21804773807525635, 0.4179137647151947, 0.2744494676589966, 0.40449443459510803, 0.23765738308429718], "learning_rate": [0.0010000000474974513, 0.0010000000474974513, 0.0010000000474974513, 0.0010000000474974513, 0.0010000000474974513, 0.0010000000474974513, 0.0010000000474974513, 0.0010000000474974513, 0.0010000000474974513, 0.0010000000474974513, 0.0010000000474974513, 0.0010000000474974513, 0.0010000000474974513, 0.0005000000237487257, 0.0005000000237487257, 0.0005000000237487257, 0.0005000000237487257, 0.0002500000118743628, 0.0002500000118743628]}