{"accuracy": [0.8545676469802856, 0.8980286121368408, 0.9142540693283081, 0.9217191338539124, 0.928428590297699, 0.9392625689506531, 0.9435007572174072, 0.9468753337860107, 0.9496420621871948, 0.9523122310638428, 0.9610214829444885, 0.9641233682632446], "loss": [0.34642258286476135, 0.25312766432762146, 0.21804362535476685, 0.20070941746234894, 0.1861489713191986, 0.16038118302822113, 0.15014474093914032, 0.14266853034496307, 0.13638992607593536, 0.12824241816997528, 0.10718860477209091, 0.1000482589006424], "val_accuracy": [0.6297466158866882, 0.739847719669342, 0.885717511177063, 0.8313601016998291, 0.8670605421066284, 0.8051357865333557, 0.9095330238342285, 0.9319850206375122, 0.8783774375915527, 0.92812180519104, 0.9019429683685303, 0.9258038997650146], "val_loss": [0.95110684633255, 0.917068362236023, 0.2999717891216278, 0.4987005293369293, 0.35516828298568726, 0.6105050444602966, 0.23499752581119537, 0.1854134202003479, 0.3386498689651489, 0.19748851656913757, 0.32592669129371643, 0.1936943680047989], "learning_rate": [0.0010000000474974513, 0.0010000000474974513, 0.0010000000474974513, 0.0010000000474974513, 0.0010000000474974513, 0.0005000000237487257, 0.0005000000237487257, 0.0005000000237487257, 0.0005000000237487257, 0.0005000000237487257, 0.0002500000118743628, 0.0002500000118743628]}