{"accuracy": [0.8403136134147644, 0.8749232888221741, 0.8875468969345093, 0.8966367244720459, 0.9033121466636658, 0.9074934720993042, 0.9121122360229492, 0.9166004061698914, 0.9196284413337708, 0.9216793775558472, 0.9311555624008179, 0.9337064027786255, 0.9367514848709106, 0.9383195042610168, 0.9440858960151672, 0.9471594095230103, 0.9480342864990234, 0.9494432210922241, 0.9535564184188843, 0.954993724822998], "loss": [0.36489811539649963, 0.2969651222229004, 0.2702043056488037, 0.2528793215751648, 0.23987977206707, 0.22907164692878723, 0.21931852400302887, 0.21055778861045837, 0.20398521423339844, 0.1982370764017105, 0.1774473339319229, 0.1714927852153778, 0.1649327278137207, 0.1602788269519806, 0.1461004912853241, 0.14024925231933594, 0.13689987361431122, 0.13419224321842194, 0.12320907413959503, 0.12013097107410431], "val_accuracy": [0.835064172744751, 0.8460402488708496, 0.8334734439849854, 0.8000454306602478, 0.8942165374755859, 0.8262470364570618, 0.8853994011878967, 0.9012612104415894, 0.8107942342758179, 0.8803772330284119, 0.883604109287262, 0.9156004786491394, 0.8855584859848022, 0.8769003748893738, 0.9211680293083191, 0.9237813949584961, 0.9232360124588013, 0.9229178428649902, 0.9159186482429504, 0.9103738069534302], "val_loss": [0.3789154887199402, 0.38354426622390747, 0.3654416799545288, 0.6548009514808655, 0.2858240008354187, 0.4910462498664856, 0.27506616711616516, 0.24402618408203125, 0.46589744091033936, 0.29945358633995056, 0.28339889645576477, 0.2143208384513855, 0.319551557302475, 0.32583820819854736, 0.2071717083454132, 0.20322537422180176, 0.20667597651481628, 0.21264289319515228, 0.2342502772808075, 0.23930250108242035], "learning_rate": [0.0010000000474974513, 0.0010000000474974513, 0.0010000000474974513, 0.0010000000474974513, 0.0010000000474974513, 0.0010000000474974513, 0.0010000000474974513, 0.0010000000474974513, 0.0010000000474974513, 0.0010000000474974513, 0.0005000000237487257, 0.0005000000237487257, 0.0005000000237487257, 0.0005000000237487257, 0.0002500000118743628, 0.0002500000118743628, 0.0002500000118743628, 0.0002500000118743628, 0.0001250000059371814, 0.0001250000059371814]}