{"accuracy": [0.8455743789672852, 0.8803317546844482, 0.8956709504127502, 0.9018520712852478, 0.9126690030097961, 0.9174128174781799, 0.9194580316543579, 0.9219691157341003, 0.9281388521194458, 0.929973840713501, 0.9311612248420715, 0.9325247406959534, 0.9339734315872192, 0.9343938231468201, 0.9388307929039001, 0.9399784207344055], "loss": [0.3560274839401245, 0.28854918479919434, 0.2585437595844269, 0.24180133640766144, 0.21940426528453827, 0.20948266983032227, 0.20394077897071838, 0.19739598035812378, 0.18404123187065125, 0.18032361567020416, 0.17768442630767822, 0.17440135776996613, 0.17068332433700562, 0.16827954351902008, 0.15847837924957275, 0.1555262804031372], "val_accuracy": [0.8293148279190063, 0.843881368637085, 0.7777525186538696, 0.7474377751350403, 0.8850358128547668, 0.9103738069534302, 0.7799341082572937, 0.8025451898574829, 0.8695603013038635, 0.9171457886695862, 0.9235768914222717, 0.9222588539123535, 0.8881945013999939, 0.9230314493179321, 0.9188501238822937, 0.9230769276618958], "val_loss": [0.3897903859615326, 0.35132843255996704, 0.6234857439994812, 1.0778226852416992, 0.2750915288925171, 0.2282465398311615, 0.883665144443512, 0.6580221056938171, 0.32883375883102417, 0.20619691908359528, 0.20050953328609467, 0.19369545578956604, 0.3008999228477478, 0.20159050822257996, 0.20644792914390564, 0.1947500854730606], "learning_rate": [0.0010000000474974513, 0.0010000000474974513, 0.0010000000474974513, 0.0010000000474974513, 0.0005000000237487257, 0.0005000000237487257, 0.0005000000237487257, 0.0005000000237487257, 0.0002500000118743628, 0.0002500000118743628, 0.0002500000118743628, 0.0002500000118743628, 0.0002500000118743628, 0.0002500000118743628, 0.0001250000059371814, 0.0001250000059371814]}