{"accuracy": [0.8477672934532166, 0.8778377175331116, 0.8898136615753174, 0.8972105383872986, 0.9032666683197021, 0.9080331921577454, 0.9169412851333618, 0.9197420477867126, 0.9221395254135132, 0.9273946285247803, 0.9298716187477112, 0.9307692050933838, 0.9312350749969482, 0.9350301027297974, 0.9360470175743103], "loss": [0.35160914063453674, 0.29300934076309204, 0.26872336864471436, 0.2525627911090851, 0.2399119883775711, 0.23056504130363464, 0.20922943949699402, 0.20327498018741608, 0.19820453226566315, 0.18609322607517242, 0.18116730451583862, 0.17906153202056885, 0.17629657685756683, 0.168705016374588, 0.16659319400787354], "val_accuracy": [0.8106578588485718, 0.856107234954834, 0.7945915460586548, 0.8915577530860901, 0.7801159024238586, 0.7506647109985352, 0.9118054509162903, 0.8873764276504517, 0.8995795845985413, 0.8640608787536621, 0.9237813949584961, 0.8736280202865601, 0.9121236205101013, 0.9115555286407471, 0.9219406843185425], "val_loss": [0.5300968289375305, 0.32098501920700073, 0.4650457799434662, 0.2613130509853363, 0.8704361319541931, 1.3218926191329956, 0.22379586100578308, 0.27424317598342896, 0.2530231773853302, 0.3829382061958313, 0.19689229130744934, 0.3523397445678711, 0.221737802028656, 0.22187933325767517, 0.1996970772743225], "learning_rate": [0.0010000000474974513, 0.0010000000474974513, 0.0010000000474974513, 0.0010000000474974513, 0.0010000000474974513, 0.0010000000474974513, 0.0005000000237487257, 0.0005000000237487257, 0.0005000000237487257, 0.0002500000118743628, 0.0002500000118743628, 0.0002500000118743628, 0.0002500000118743628, 0.0001250000059371814, 0.0001250000059371814]}