{"accuracy": [0.8575502634048462, 0.8985342383384705, 0.9114021062850952, 0.9195318818092346, 0.9257470965385437, 0.9372969269752502, 0.9412964582443237, 0.9440915584564209, 0.9468185305595398, 0.9490228295326233, 0.957021951675415, 0.9590842127799988, 0.9618338942527771, 0.963225781917572, 0.9696057438850403, 0.9718554615974426, 0.9732416868209839, 0.9747642278671265, 0.9788603782653809, 0.9805079102516174], "loss": [0.33954253792762756, 0.25173261761665344, 0.2234136015176773, 0.20539453625679016, 0.1924935281276703, 0.16608373820781708, 0.1565076857805252, 0.14921434223651886, 0.14262522757053375, 0.13723218441009521, 0.11759007722139359, 0.11174599826335907, 0.10544972121715546, 0.10098528116941452, 0.08542591333389282, 0.08005010336637497, 0.07639192789793015, 0.07227358967065811, 0.06130621209740639, 0.05796593055129051], "val_accuracy": [0.7604817748069763, 0.8334280252456665, 0.8260879516601562, 0.7555050849914551, 0.7428019642829895, 0.8427906036376953, 0.8865583539009094, 0.9391660094261169, 0.8866265416145325, 0.8508805632591248, 0.9191001057624817, 0.9444153904914856, 0.9249630570411682, 0.9418702125549316, 0.8845585584640503, 0.9442790746688843, 0.8779456615447998, 0.9421429634094238, 0.9460288882255554, 0.9458243250846863], "val_loss": [0.8393765687942505, 0.45926350355148315, 0.42252930998802185, 1.1061819791793823, 1.4801772832870483, 0.3865046501159668, 0.3073338568210602, 0.15823334455490112, 0.3045446276664734, 0.39426836371421814, 0.20023508369922638, 0.1576019674539566, 0.19525770843029022, 0.1610133796930313, 0.38810181617736816, 0.15106308460235596, 0.47146427631378174, 0.1792469471693039, 0.1608649045228958, 0.1703183501958847], "learning_rate": [0.0010000000474974513, 0.0010000000474974513, 0.0010000000474974513, 0.0010000000474974513, 0.0010000000474974513, 0.0005000000237487257, 0.0005000000237487257, 0.0005000000237487257, 0.0005000000237487257, 0.0005000000237487257, 0.0002500000118743628, 0.0002500000118743628, 0.0002500000118743628, 0.0002500000118743628, 0.0001250000059371814, 0.0001250000059371814, 0.0001250000059371814, 0.0001250000059371814, 6.25000029685907e-05, 6.25000029685907e-05]}