{"accuracy": [0.8518009185791016, 0.890626072883606, 0.904255211353302, 0.9141972661018372, 0.9210828542709351, 0.9264969825744629, 0.9365867376327515, 0.9408305883407593, 0.9433984756469727, 0.945966362953186, 0.953630268573761, 0.9560390710830688, 0.9583740234375, 0.960612416267395, 0.9663504362106323, 0.968219518661499], "loss": [0.3477151095867157, 0.2661605775356293, 0.2366565465927124, 0.2157188206911087, 0.2021614909172058, 0.18897485733032227, 0.1642385572195053, 0.15533864498138428, 0.14891016483306885, 0.14246630668640137, 0.1245165541768074, 0.11733879148960114, 0.11153474450111389, 0.10624302178621292, 0.09285047650337219, 0.08764078468084335], "val_accuracy": [0.7630269527435303, 0.829428493976593, 0.8899670243263245, 0.91557776927948, 0.8285649418830872, 0.8522894978523254, 0.8271560072898865, 0.9162368178367615, 0.9018974900245667, 0.8237245678901672, 0.9294852614402771, 0.936939001083374, 0.9250994324684143, 0.9351664781570435, 0.9440745115280151, 0.9393023252487183], "val_loss": [0.7508829832077026, 0.42942261695861816, 0.2966133654117584, 0.216080442070961, 0.4637576639652252, 0.3625114858150482, 0.5207998156547546, 0.2154150903224945, 0.23947012424468994, 0.5737070441246033, 0.18967483937740326, 0.16505859792232513, 0.20652557909488678, 0.17514275014400482, 0.16800203919410706, 0.17664872109889984], "learning_rate": [0.0010000000474974513, 0.0010000000474974513, 0.0010000000474974513, 0.0010000000474974513, 0.0010000000474974513, 0.0010000000474974513, 0.0005000000237487257, 0.0005000000237487257, 0.0005000000237487257, 0.0005000000237487257, 0.0002500000118743628, 0.0002500000118743628, 0.0002500000118743628, 0.0002500000118743628, 0.0001250000059371814, 0.0001250000059371814]}