{"accuracy": [0.8473809957504272, 0.8764174580574036, 0.8903249502182007, 0.9039484262466431, 0.9088967442512512, 0.9124076962471008, 0.919151246547699, 0.921196460723877], "loss": [0.3500664234161377, 0.2936728298664093, 0.2652173638343811, 0.23704195022583008, 0.22537140548229218, 0.21714837849140167, 0.2028656154870987, 0.19776301085948944], "val_accuracy": [0.8480626940727234, 0.7670719027519226, 0.8403818011283875, 0.886467456817627, 0.8199295401573181, 0.8298829793930054, 0.8814907670021057, 0.8302465677261353], "val_loss": [0.35381028056144714, 0.5919374823570251, 0.3756377100944519, 0.27079325914382935, 0.4425985813140869, 0.42779281735420227, 0.27453213930130005, 0.4489958584308624], "learning_rate": [0.0010000000474974513, 0.0010000000474974513, 0.0010000000474974513, 0.0005000000237487257, 0.0005000000237487257, 0.0005000000237487257, 0.0002500000118743628, 0.0002500000118743628]}