{"accuracy": [0.8583626747131348, 0.8995171189308167, 0.9126235842704773, 0.9284797310829163, 0.9337234497070312, 0.9369332790374756, 0.9459322690963745, 0.9496932029724121, 0.9523463249206543, 0.9547039866447449, 0.9574366807937622, 0.9595386981964111, 0.9619020819664001, 0.9689580798149109, 0.97212815284729, 0.9735938906669617, 0.9791160225868225, 0.9810135364532471], "loss": [0.336587518453598, 0.2492232620716095, 0.22131715714931488, 0.1862414926290512, 0.17352698743343353, 0.16510693728923798, 0.143046572804451, 0.13478372991085052, 0.12853863835334778, 0.12260451167821884, 0.11635509878396988, 0.11109324544668198, 0.10418036580085754, 0.08706105500459671, 0.07924708724021912, 0.07500778883695602, 0.06127048656344414, 0.05628940835595131], "val_accuracy": [0.8513123393058777, 0.7658902406692505, 0.7985455989837646, 0.9063969850540161, 0.901306688785553, 0.7734121084213257, 0.9238268136978149, 0.9070560336112976, 0.9367117285728455, 0.9254175424575806, 0.9383479356765747, 0.8837631940841675, 0.924213171005249, 0.9441881775856018, 0.9279627203941345, 0.9286444783210754, 0.9406885504722595, 0.9455971121788025], "val_loss": [0.37336888909339905, 0.6862878799438477, 0.9970552921295166, 0.2388990819454193, 0.2594442069530487, 1.282212734222412, 0.19334368407726288, 0.23177358508110046, 0.1903475821018219, 0.23489323258399963, 0.1676713079214096, 0.3371129631996155, 0.21093718707561493, 0.1614895910024643, 0.2411060333251953, 0.19719649851322174, 0.19686707854270935, 0.17919261753559113], "learning_rate": [0.0010000000474974513, 0.0010000000474974513, 0.0010000000474974513, 0.0005000000237487257, 0.0005000000237487257, 0.0005000000237487257, 0.0002500000118743628, 0.0002500000118743628, 0.0002500000118743628, 0.0002500000118743628, 0.0002500000118743628, 0.0002500000118743628, 0.0002500000118743628, 0.0001250000059371814, 0.0001250000059371814, 0.0001250000059371814, 6.25000029685907e-05, 6.25000029685907e-05]}