{"accuracy": [0.8583570122718811, 0.8948187828063965, 0.908038854598999, 0.917191207408905, 0.9226281046867371, 0.927161693572998, 0.9388194680213928, 0.9421372413635254, 0.9460004568099976, 0.9489375948905945, 0.9565446972846985, 0.9601579308509827], "loss": [0.3302660882472992, 0.25711989402770996, 0.2299061417579651, 0.2121187448501587, 0.19878624379634857, 0.1886305958032608, 0.1620263159275055, 0.15189938247203827, 0.14385631680488586, 0.13687963783740997, 0.1179448738694191, 0.10886834561824799], "val_accuracy": [0.8179298043251038, 0.7493466734886169, 0.8839677572250366, 0.8953073620796204, 0.8556982278823853, 0.8302238583564758, 0.9168276190757751, 0.9184865355491638, 0.8925122022628784, 0.8754686713218689, 0.8789228200912476, 0.9290762543678284], "val_loss": [0.46506571769714355, 0.8951167464256287, 0.2781837284564972, 0.24989460408687592, 0.33594444394111633, 0.4580249786376953, 0.20862233638763428, 0.2032189816236496, 0.3055891990661621, 0.3208349645137787, 0.38534456491470337, 0.21867454051971436], "learning_rate": [0.0010000000474974513, 0.0010000000474974513, 0.0010000000474974513, 0.0010000000474974513, 0.0010000000474974513, 0.0010000000474974513, 0.0005000000237487257, 0.0005000000237487257, 0.0005000000237487257, 0.0005000000237487257, 0.0002500000118743628, 0.0002500000118743628]}