{"accuracy": [0.8592944145202637, 0.8965685963630676, 0.9084479212760925, 0.916356086730957, 0.9291614294052124, 0.9336495995521545, 0.9360640645027161, 0.9391148686408997, 0.9464833736419678, 0.9496193528175354, 0.9518691301345825, 0.9528121948242188, 0.9544199705123901, 0.960362434387207, 0.9614021182060242, 0.962390661239624, 0.9639700055122375, 0.9664526581764221, 0.9678559303283691], "loss": [0.32827049493789673, 0.2534906268119812, 0.22827228903770447, 0.21061216294765472, 0.1820077747106552, 0.1724967658519745, 0.16568589210510254, 0.1593555212020874, 0.14186885952949524, 0.13542701303958893, 0.1313060224056244, 0.12667709589004517, 0.12219590693712234, 0.11013378202915192, 0.10680088400840759, 0.10335809737443924, 0.09926702827215195, 0.09242365509271622, 0.09031381458044052], "val_accuracy": [0.8051357865333557, 0.8802408576011658, 0.8331326246261597, 0.8811725974082947, 0.8769912719726562, 0.9279627203941345, 0.8342915773391724, 0.8623111248016357, 0.9288489818572998, 0.9096466302871704, 0.937188982963562, 0.8485853672027588, 0.917622983455658, 0.9382115602493286, 0.9411430358886719, 0.9293489456176758, 0.9341438412666321, 0.9376661777496338, 0.9397341012954712], "val_loss": [0.42834004759788513, 0.3018205761909485, 0.37180790305137634, 0.3223450779914856, 0.29204821586608887, 0.18935802578926086, 0.4524063169956207, 0.3741976320743561, 0.18670332431793213, 0.23412644863128662, 0.16282247006893158, 0.44485047459602356, 0.24095730483531952, 0.1693008542060852, 0.1624983698129654, 0.18933288753032684, 0.17539112269878387, 0.1725180596113205, 0.1790418028831482], "learning_rate": [0.0010000000474974513, 0.0010000000474974513, 0.0010000000474974513, 0.0010000000474974513, 0.0005000000237487257, 0.0005000000237487257, 0.0005000000237487257, 0.0005000000237487257, 0.0002500000118743628, 0.0002500000118743628, 0.0002500000118743628, 0.0002500000118743628, 0.0002500000118743628, 0.0001250000059371814, 0.0001250000059371814, 0.0001250000059371814, 0.0001250000059371814, 6.25000029685907e-05, 6.25000029685907e-05]}