{"accuracy": [0.8534712195396423, 0.8952959775924683, 0.9109476208686829, 0.9268549084663391, 0.9316214323043823, 0.9365242719650269, 0.9391205310821533, 0.9423815608024597, 0.9506874084472656, 0.9542779326438904, 0.9568231105804443, 0.9627883434295654, 0.9649187326431274], "loss": [0.34332698583602905, 0.259126216173172, 0.2262372523546219, 0.1910000443458557, 0.1788852959871292, 0.1684691309928894, 0.1609657108783722, 0.1529422104358673, 0.13307562470436096, 0.12411097437143326, 0.11807128041982651, 0.10259131342172623, 0.09688504040241241], "val_accuracy": [0.8736961483955383, 0.8606294989585876, 0.8057947754859924, 0.9140097498893738, 0.9015111923217773, 0.919486403465271, 0.8656061887741089, 0.8486990332603455, 0.9439154863357544, 0.8227019906044006, 0.9376206994056702, 0.9345983266830444, 0.9249630570411682], "val_loss": [0.31065016984939575, 0.330335795879364, 0.4891122579574585, 0.2243230938911438, 0.24508444964885712, 0.2225624918937683, 0.30818653106689453, 0.4399544894695282, 0.15373696386814117, 0.6945078372955322, 0.17011123895645142, 0.17704015970230103, 0.19828850030899048], "learning_rate": [0.0010000000474974513, 0.0010000000474974513, 0.0010000000474974513, 0.0005000000237487257, 0.0005000000237487257, 0.0005000000237487257, 0.0005000000237487257, 0.0005000000237487257, 0.0002500000118743628, 0.0002500000118743628, 0.0002500000118743628, 0.0001250000059371814, 0.0001250000059371814]}