{"accuracy": [0.8465174436569214, 0.8765992522239685, 0.8884331583976746, 0.8977502584457397, 0.9103283882141113, 0.9157822728157043, 0.9193955063819885, 0.9219974875450134, 0.9255993366241455, 0.9270878434181213, 0.9296216368675232, 0.933047354221344, 0.939319372177124, 0.9419497847557068], "loss": [0.3544462025165558, 0.29490041732788086, 0.2719112038612366, 0.2516525685787201, 0.22332394123077393, 0.21260268986225128, 0.20492158830165863, 0.1983388364315033, 0.19067324697971344, 0.18685604631900787, 0.18151071667671204, 0.17446203529834747, 0.1586042046546936, 0.1532043069601059], "val_accuracy": [0.8357914090156555, 0.8508124351501465, 0.8045222163200378, 0.8555391430854797, 0.864492654800415, 0.9025565385818481, 0.8955800533294678, 0.9062151908874512, 0.8627883195877075, 0.9202136397361755, 0.8860810995101929, 0.9033064246177673, 0.9208044409751892, 0.898761510848999], "val_loss": [0.4012908637523651, 0.3489024341106415, 0.5372316241264343, 0.37378406524658203, 0.36625829339027405, 0.24817538261413574, 0.2746086120605469, 0.22947227954864502, 0.41024860739707947, 0.2039538323879242, 0.2824462652206421, 0.24491843581199646, 0.2122955024242401, 0.2855678200721741], "learning_rate": [0.0010000000474974513, 0.0010000000474974513, 0.0010000000474974513, 0.0010000000474974513, 0.0005000000237487257, 0.0005000000237487257, 0.0005000000237487257, 0.0005000000237487257, 0.0005000000237487257, 0.0005000000237487257, 0.0005000000237487257, 0.0005000000237487257, 0.0002500000118743628, 0.0002500000118743628]}