{"accuracy": [0.8388023972511292, 0.8752017021179199, 0.8876888751983643, 0.8974775671958923, 0.9042267799377441, 0.9087319374084473, 0.9135950207710266, 0.9230371713638306, 0.9266901612281799, 0.9288433194160461, 0.9361095428466797, 0.9392228126525879, 0.9404329061508179, 0.9420009255409241, 0.9440063834190369, 0.9479661583900452, 0.9493182301521301], "loss": [0.36807847023010254, 0.2969632148742676, 0.27105987071990967, 0.2519785463809967, 0.23723125457763672, 0.22721952199935913, 0.21818652749061584, 0.1955523043870926, 0.18776164948940277, 0.18147429823875427, 0.16531875729560852, 0.15973655879497528, 0.15556550025939941, 0.15236160159111023, 0.14747639000415802, 0.1385633796453476, 0.13413438200950623], "val_accuracy": [0.7934325933456421, 0.8299056887626648, 0.7927508354187012, 0.83563232421875, 0.8397000432014465, 0.8144301772117615, 0.8068174123764038, 0.9126917123794556, 0.8646063208580017, 0.8813543915748596, 0.9205317497253418, 0.92184978723526, 0.9304624199867249, 0.9182820320129395, 0.9056243896484375, 0.9240540862083435, 0.9102147221565247], "val_loss": [0.5748081207275391, 0.4540696144104004, 0.5726585388183594, 0.42417237162590027, 0.3945566713809967, 0.5863315463066101, 0.590028703212738, 0.21806998550891876, 0.3581598997116089, 0.3144308924674988, 0.20025816559791565, 0.2011178880929947, 0.18425770103931427, 0.2177215963602066, 0.2528615891933441, 0.21133016049861908, 0.2433994561433792], "learning_rate": [0.0010000000474974513, 0.0010000000474974513, 0.0010000000474974513, 0.0010000000474974513, 0.0010000000474974513, 0.0010000000474974513, 0.0010000000474974513, 0.0005000000237487257, 0.0005000000237487257, 0.0005000000237487257, 0.0002500000118743628, 0.0002500000118743628, 0.0002500000118743628, 0.0002500000118743628, 0.0002500000118743628, 0.0001250000059371814, 0.0001250000059371814]}