{"accuracy": [0.8544994592666626, 0.8922906517982483, 0.908470630645752, 0.9162936210632324, 0.9289115071296692, 0.9330075979232788, 0.9369332790374756, 0.9397170543670654, 0.9477332234382629, 0.9511873722076416], "loss": [0.3411831855773926, 0.263622909784317, 0.2302217334508896, 0.2131054699420929, 0.1834515929222107, 0.1735513061285019, 0.1663808673620224, 0.15822245180606842, 0.13916318118572235, 0.13281169533729553], "val_accuracy": [0.7922735810279846, 0.8612884879112244, 0.8473809957504272, 0.8281786441802979, 0.8697648048400879, 0.9226224422454834, 0.9207135438919067, 0.7467105984687805, 0.8912623524665833, 0.9054198265075684], "val_loss": [0.5749894976615906, 0.3385912775993347, 0.374948650598526, 0.4262608289718628, 0.34891703724861145, 0.20170149207115173, 0.2174299955368042, 0.8346063494682312, 0.2862513065338135, 0.24507737159729004], "learning_rate": [0.0010000000474974513, 0.0010000000474974513, 0.0010000000474974513, 0.0010000000474974513, 0.0005000000237487257, 0.0005000000237487257, 0.0005000000237487257, 0.0005000000237487257, 0.0002500000118743628, 0.0002500000118743628]}