{"accuracy": [0.8589308261871338, 0.8951085209846497, 0.9092205166816711, 0.9176456928253174, 0.9239234328269958, 0.934200644493103, 0.9382627010345459, 0.9422565698623657, 0.9448471665382385, 0.9524940252304077, 0.9554709792137146, 0.9574650526046753, 0.9593682289123535, 0.9622883796691895, 0.9634587168693542, 0.9697079658508301, 0.9714577794075012], "loss": [0.3308211863040924, 0.2574616074562073, 0.22811312973499298, 0.20914588868618011, 0.19567061960697174, 0.17149722576141357, 0.16150525212287903, 0.1530030518770218, 0.14474786818027496, 0.12696583569049835, 0.11975977569818497, 0.1144806519150734, 0.10829915851354599, 0.10227255523204803, 0.09962200373411179, 0.08426886796951294, 0.07986503094434738], "val_accuracy": [0.6109078526496887, 0.8061583638191223, 0.8775366544723511, 0.7521645426750183, 0.8272696137428284, 0.8799454569816589, 0.9236904978752136, 0.9015793800354004, 0.8704465627670288, 0.9228042364120483, 0.9339166283607483, 0.9124190211296082, 0.9375752806663513, 0.9333484768867493, 0.9286898970603943, 0.9185092449188232, 0.9312350749969482], "val_loss": [1.4414535760879517, 0.76912522315979, 0.3082882761955261, 1.1967334747314453, 0.47350993752479553, 0.313223272562027, 0.19489391148090363, 0.24947324395179749, 0.341496080160141, 0.19838166236877441, 0.17617644369602203, 0.2570763826370239, 0.16753943264484406, 0.19957216084003448, 0.2025173306465149, 0.2569200098514557, 0.19976219534873962], "learning_rate": [0.0010000000474974513, 0.0010000000474974513, 0.0010000000474974513, 0.0010000000474974513, 0.0010000000474974513, 0.0005000000237487257, 0.0005000000237487257, 0.0005000000237487257, 0.0005000000237487257, 0.0002500000118743628, 0.0002500000118743628, 0.0002500000118743628, 0.0002500000118743628, 0.0002500000118743628, 0.0002500000118743628, 0.0001250000059371814, 0.0001250000059371814]}