{"accuracy": [0.8471764326095581, 0.877468466758728, 0.8930633068084717, 0.9010964632034302, 0.9069821834564209, 0.9113737344741821, 0.9203954339027405, 0.9223610758781433, 0.9242358803749084, 0.9260140657424927, 0.9278264045715332, 0.9330587387084961, 0.9350926280021667, 0.9351323843002319, 0.9393137097358704, 0.9400863647460938, 0.9411487579345703, 0.9413930177688599, 0.9416543841362, 0.9431257843971252, 0.9442052245140076, 0.9449551105499268, 0.9451255798339844, 0.9465572237968445, 0.9465572237968445], "loss": [0.35077759623527527, 0.29203376173973083, 0.26092344522476196, 0.24326452612876892, 0.23172569274902344, 0.2224353551864624, 0.20219770073890686, 0.19691133499145508, 0.19229762256145477, 0.18837712705135345, 0.18416953086853027, 0.1718781590461731, 0.1671636551618576, 0.16555508971214294, 0.15812015533447266, 0.15551453828811646, 0.15320321917533875, 0.15222658216953278, 0.1509404331445694, 0.14898960292339325, 0.14564357697963715, 0.14415353536605835, 0.1432773917913437, 0.14100423455238342, 0.14007613062858582], "val_accuracy": [0.8129076361656189, 0.795591413974762, 0.8746278882026672, 0.8930803537368774, 0.8831269145011902, 0.8723554015159607, 0.9141688346862793, 0.9076696038246155, 0.915895938873291, 0.9099875092506409, 0.8882399797439575, 0.9182820320129395, 0.9095557332038879, 0.9079195261001587, 0.9192591905593872, 0.9145551919937134, 0.9240995049476624, 0.9263492822647095, 0.9175775647163391, 0.9256675243377686, 0.9270537495613098, 0.9116464257240295, 0.9252585172653198, 0.9264174699783325, 0.9264174699783325], "val_loss": [0.3983173668384552, 0.6998969316482544, 0.29269930720329285, 0.26889437437057495, 0.2802634835243225, 0.31132733821868896, 0.22025708854198456, 0.2527201473712921, 0.2123352289199829, 0.2196246087551117, 0.27861490845680237, 0.20676128566265106, 0.23382221162319183, 0.24198520183563232, 0.19975712895393372, 0.2092588096857071, 0.1913146823644638, 0.1905367374420166, 0.2083471715450287, 0.19180679321289062, 0.18944396078586578, 0.24218152463436127, 0.19351793825626373, 0.19023090600967407, 0.19013415277004242], "learning_rate": [0.0010000000474974513, 0.0010000000474974513, 0.0010000000474974513, 0.0010000000474974513, 0.0010000000474974513, 0.0010000000474974513, 0.0005000000237487257, 0.0005000000237487257, 0.0005000000237487257, 0.0005000000237487257, 0.0005000000237487257, 0.0002500000118743628, 0.0002500000118743628, 0.0002500000118743628, 0.0001250000059371814, 0.0001250000059371814, 0.0001250000059371814, 0.0001250000059371814, 0.0001250000059371814, 0.0001250000059371814, 6.25000029685907e-05, 6.25000029685907e-05, 6.25000029685907e-05, 3.125000148429535e-05, 3.125000148429535e-05]}