{"accuracy": [0.8467901349067688, 0.87457674741745, 0.8904158473014832, 0.8999090790748596, 0.9067151546478271, 0.9176287055015564, 0.9207533001899719, 0.9237245917320251, 0.9308090209960938, 0.9332064390182495, 0.9337177872657776, 0.9350926280021667, 0.9399329423904419, 0.9408362507820129, 0.9417623281478882, 0.9443472623825073, 0.9448074102401733, 0.9454436898231506, 0.9468753337860107, 0.9469037652015686], "loss": [0.35246044397354126, 0.2978303134441376, 0.26783332228660583, 0.246646448969841, 0.2328382432460785, 0.20913337171077728, 0.20022480189800262, 0.19382081925868988, 0.1794777363538742, 0.17354540526866913, 0.17170420289039612, 0.16717439889907837, 0.15755964815616608, 0.15496444702148438, 0.152786985039711, 0.1468910276889801, 0.1447419822216034, 0.14397117495536804, 0.1413758099079132, 0.14064981043338776], "val_accuracy": [0.8279286623001099, 0.8137030005455017, 0.8793318867683411, 0.8742642998695374, 0.8069537281990051, 0.9103965163230896, 0.9068742394447327, 0.9144188165664673, 0.9150096774101257, 0.9264628887176514, 0.9068514704704285, 0.8688558340072632, 0.9272128343582153, 0.8808090090751648, 0.9259175062179565, 0.9287580847740173, 0.9263719916343689, 0.924644947052002, 0.928303599357605, 0.9261447787284851], "val_loss": [0.38454610109329224, 0.44781404733657837, 0.29554086923599243, 0.30959582328796387, 0.46994730830192566, 0.2194981426000595, 0.22688040137290955, 0.21972398459911346, 0.22297319769859314, 0.1884114295244217, 0.23789553344249725, 0.3431715667247772, 0.18801932036876678, 0.32502084970474243, 0.19401730597019196, 0.18702420592308044, 0.19139596819877625, 0.1963893473148346, 0.19018204510211945, 0.1935454159975052], "learning_rate": [0.0010000000474974513, 0.0010000000474974513, 0.0010000000474974513, 0.0010000000474974513, 0.0010000000474974513, 0.0005000000237487257, 0.0005000000237487257, 0.0005000000237487257, 0.0002500000118743628, 0.0002500000118743628, 0.0002500000118743628, 0.0002500000118743628, 0.0001250000059371814, 0.0001250000059371814, 0.0001250000059371814, 6.25000029685907e-05, 6.25000029685907e-05, 6.25000029685907e-05, 3.125000148429535e-05, 3.125000148429535e-05]}