{"accuracy": [0.8539313673973083, 0.8930974006652832, 0.9069821834564209, 0.9151914715766907, 0.9268151521682739, 0.9311612248420715, 0.9336893558502197, 0.9363822340965271, 0.9390069246292114, 0.9470798969268799, 0.9481479525566101, 0.9502670168876648, 0.9529655575752258, 0.9545051455497742, 0.9562322497367859, 0.9624077081680298, 0.964896023273468, 0.9652255177497864, 0.9666969776153564, 0.9711567163467407, 0.9721395373344421], "loss": [0.3431824743747711, 0.2657642662525177, 0.23443254828453064, 0.2173883318901062, 0.1907256841659546, 0.1808905154466629, 0.17466439306735992, 0.16774988174438477, 0.16162502765655518, 0.14366552233695984, 0.1393308937549591, 0.13285575807094574, 0.12893569469451904, 0.12437667697668076, 0.11867999285459518, 0.10365916043519974, 0.09899868071079254, 0.09620041400194168, 0.09213227033615112, 0.08235498517751694, 0.07875408232212067], "val_accuracy": [0.7669128775596619, 0.8154755234718323, 0.8056811690330505, 0.7905465364456177, 0.8199068307876587, 0.9081013798713684, 0.9131462574005127, 0.9125781059265137, 0.7571867108345032, 0.9293034672737122, 0.9265992641448975, 0.9120554327964783, 0.9262129068374634, 0.9176684617996216, 0.9156232476234436, 0.91557776927948, 0.9364617466926575, 0.9279627203941345, 0.9330984950065613, 0.9258947968482971, 0.9372798800468445], "val_loss": [0.5798553824424744, 0.4890104830265045, 0.6733683347702026, 0.7811022996902466, 0.49679937958717346, 0.23066844046115875, 0.21680164337158203, 0.23247934877872467, 0.9190708994865417, 0.20433491468429565, 0.19375573098659515, 0.22438658773899078, 0.19216014444828033, 0.2467706799507141, 0.22028778493404388, 0.24151255190372467, 0.18284766376018524, 0.20962779223918915, 0.20169402658939362, 0.2246401309967041, 0.19217225909233093], "learning_rate": [0.0010000000474974513, 0.0010000000474974513, 0.0010000000474974513, 0.0010000000474974513, 0.0005000000237487257, 0.0005000000237487257, 0.0005000000237487257, 0.0005000000237487257, 0.0005000000237487257, 0.0002500000118743628, 0.0002500000118743628, 0.0002500000118743628, 0.0002500000118743628, 0.0002500000118743628, 0.0002500000118743628, 0.0001250000059371814, 0.0001250000059371814, 0.0001250000059371814, 0.0001250000059371814, 6.25000029685907e-05, 6.25000029685907e-05]}