{"accuracy": [0.8581467866897583, 0.901431679725647, 0.9163504242897034, 0.923520028591156, 0.9285933375358582, 0.9337234497070312, 0.9443472623825073, 0.9479718208312988], "loss": [0.3363586664199829, 0.24510608613491058, 0.21337974071502686, 0.19704994559288025, 0.18668097257614136, 0.17375245690345764, 0.14856532216072083, 0.13964885473251343], "val_accuracy": [0.7403931617736816, 0.721349835395813, 0.8406317234039307, 0.916327714920044, 0.8634245991706848, 0.7957050204277039, 0.8939666152000427, 0.8493580222129822], "val_loss": [1.007458209991455, 1.414390206336975, 0.4145459830760956, 0.23748061060905457, 0.3530828654766083, 0.6050535440444946, 0.2474188655614853, 0.4000422954559326], "learning_rate": [0.0010000000474974513, 0.0010000000474974513, 0.0010000000474974513, 0.0010000000474974513, 0.0010000000474974513, 0.0010000000474974513, 0.0005000000237487257, 0.0005000000237487257]}