{"accuracy": [0.8638222813606262, 0.903101921081543, 0.9175888895988464, 0.9250823855400085, 0.9376718401908875, 0.942267894744873], "loss": [0.32453417778015137, 0.24363486468791962, 0.21145783364772797, 0.19423119723796844, 0.16447511315345764, 0.15356247127056122], "val_accuracy": [0.7393251061439514, 0.882195234298706, 0.8459493517875671, 0.7560276985168457, 0.7697534561157227, 0.8332916498184204], "val_loss": [1.9314607381820679, 0.36185958981513977, 0.37289494276046753, 1.1554133892059326, 0.9692142605781555, 0.5090120434761047], "learning_rate": [0.0010000000474974513, 0.0010000000474974513, 0.0010000000474974513, 0.0010000000474974513, 0.0005000000237487257, 0.0005000000237487257]}