{"accuracy": [0.8652482628822327, 0.9028348922729492, 0.9164015650749207, 0.9241222739219666, 0.930348813533783, 0.9354391694068909, 0.9398534297943115, 0.9444892406463623, 0.9484888315200806, 0.9601920247077942, 0.9650551080703735, 0.9683899283409119, 0.9721679091453552, 0.981195330619812, 0.9841381907463074], "loss": [0.32054078578948975, 0.24139730632305145, 0.21300457417964935, 0.1950708031654358, 0.18198801577091217, 0.16889572143554688, 0.15992529690265656, 0.1471073180437088, 0.13861878216266632, 0.11012162268161774, 0.0963878482580185, 0.08739917725324631, 0.07761812210083008, 0.05340823903679848, 0.045966632664203644], "val_accuracy": [0.6920804381370544, 0.7226678729057312, 0.7787296772003174, 0.8574025630950928, 0.9143279194831848, 0.8934211730957031, 0.9144870042800903, 0.888580858707428, 0.9015793800354004, 0.9250767230987549, 0.9350528120994568, 0.8235427737236023, 0.9235996007919312, 0.9063287973403931, 0.9169867038726807], "val_loss": [1.0848629474639893, 1.5317392349243164, 0.4591090977191925, 0.3994775116443634, 0.2134738564491272, 0.2799387276172638, 0.2121744155883789, 0.3163784146308899, 0.24962657690048218, 0.20722424983978271, 0.20002682507038116, 0.6453653573989868, 0.21742954850196838, 0.39568445086479187, 0.2809077799320221], "learning_rate": [0.0010000000474974513, 0.0010000000474974513, 0.0010000000474974513, 0.0010000000474974513, 0.0010000000474974513, 0.0010000000474974513, 0.0010000000474974513, 0.0010000000474974513, 0.0010000000474974513, 0.0005000000237487257, 0.0005000000237487257, 0.0005000000237487257, 0.0005000000237487257, 0.0002500000118743628, 0.0002500000118743628]}