{"accuracy": [0.8636689186096191, 0.8966935873031616, 0.9095500707626343, 0.9165037870407104, 0.9230144023895264, 0.9274457693099976, 0.9323428869247437, 0.94223952293396, 0.9459038972854614, 0.9480968117713928, 0.9510680437088013, 0.9535507559776306, 0.9607430696487427, 0.9638223052024841, 0.9659925103187561, 0.9679127335548401, 0.9730428457260132, 0.9744006395339966], "loss": [0.3218303620815277, 0.25281235575675964, 0.2257860153913498, 0.21104919910430908, 0.19517919421195984, 0.18525606393814087, 0.17432022094726562, 0.15157590806484222, 0.14344491064548492, 0.13744066655635834, 0.12981337308883667, 0.12418413907289505, 0.10638514906167984, 0.09987484663724899, 0.09452760964632034, 0.08981792628765106, 0.07669525593519211, 0.07235130667686462], "val_accuracy": [0.6958072781562805, 0.8084990382194519, 0.8217929601669312, 0.8871719241142273, 0.8931030631065369, 0.7826610803604126, 0.9027383327484131, 0.9115782380104065, 0.8857629895210266, 0.915327787399292, 0.8688558340072632, 0.9177366495132446, 0.9341438412666321, 0.9339620471000671, 0.9243267774581909, 0.9185774326324463, 0.9236677885055542, 0.9021929502487183], "val_loss": [0.7448374032974243, 0.5946527123451233, 0.4847923517227173, 0.2623930871486664, 0.2581670880317688, 0.835331916809082, 0.28343984484672546, 0.2387431114912033, 0.3292331099510193, 0.22014199197292328, 0.3503668010234833, 0.25818562507629395, 0.18331241607666016, 0.17606444656848907, 0.2098061889410019, 0.23144634068012238, 0.2421766221523285, 0.3127070963382721], "learning_rate": [0.0010000000474974513, 0.0010000000474974513, 0.0010000000474974513, 0.0010000000474974513, 0.0010000000474974513, 0.0010000000474974513, 0.0010000000474974513, 0.0005000000237487257, 0.0005000000237487257, 0.0005000000237487257, 0.0005000000237487257, 0.0005000000237487257, 0.0002500000118743628, 0.0002500000118743628, 0.0002500000118743628, 0.0002500000118743628, 0.0001250000059371814, 0.0001250000059371814]}