{"accuracy": [0.8581013679504395, 0.8930519223213196, 0.9073798656463623, 0.915856122970581, 0.9230144023895264, 0.9276446104049683, 0.9373650550842285, 0.9411600828170776, 0.944477915763855, 0.9517782330513, 0.9538461565971375, 0.9561754465103149, 0.9584592580795288, 0.9608283042907715, 0.9621918201446533, 0.9680831432342529, 0.9699238538742065], "loss": [0.3334295451641083, 0.260902464389801, 0.23078015446662903, 0.21298754215240479, 0.19791314005851746, 0.18666008114814758, 0.1636972278356552, 0.15443235635757446, 0.14714457094669342, 0.12943273782730103, 0.12343684583902359, 0.11797476559877396, 0.11294901371002197, 0.10690918564796448, 0.10232144594192505, 0.08872436732053757, 0.08460517227649689], "val_accuracy": [0.7437791228294373, 0.8819452524185181, 0.8292239308357239, 0.8890807628631592, 0.8666969537734985, 0.8120213747024536, 0.9068742394447327, 0.8518577218055725, 0.9126917123794556, 0.8492898344993591, 0.9338029623031616, 0.9188047051429749, 0.9382115602493286, 0.8552664518356323, 0.9356663823127747, 0.9372571110725403, 0.9238268136978149], "val_loss": [1.2982558012008667, 0.29005736112594604, 0.5341402292251587, 0.2680056095123291, 0.3541479706764221, 0.5166612863540649, 0.2390080690383911, 0.4537809193134308, 0.25503504276275635, 0.45282045006752014, 0.17593896389007568, 0.2214808464050293, 0.16424332559108734, 0.5055853128433228, 0.18543460965156555, 0.1877872794866562, 0.2153942883014679], "learning_rate": [0.0010000000474974513, 0.0010000000474974513, 0.0010000000474974513, 0.0010000000474974513, 0.0010000000474974513, 0.0010000000474974513, 0.0005000000237487257, 0.0005000000237487257, 0.0005000000237487257, 0.0002500000118743628, 0.0002500000118743628, 0.0002500000118743628, 0.0002500000118743628, 0.0002500000118743628, 0.0002500000118743628, 0.0001250000059371814, 0.0001250000059371814]}