{"accuracy": [0.8590898513793945, 0.8997272849082947, 0.9151857495307922, 0.9240597486495972, 0.9286388158798218, 0.9408135414123535, 0.9447506070137024, 0.9483524560928345, 0.95657879114151, 0.9596068859100342, 0.962322473526001, 0.9687308073043823, 0.9705033302307129], "loss": [0.3359086215496063, 0.2502324879169464, 0.2169477343559265, 0.1966744065284729, 0.1857425719499588, 0.15625637769699097, 0.1471554934978485, 0.13857099413871765, 0.11887937784194946, 0.11083322018384933, 0.10389911383390427, 0.08831001073122025, 0.08361534029245377], "val_accuracy": [0.873491644859314, 0.8793091773986816, 0.8901715874671936, 0.7529144287109375, 0.8324053883552551, 0.9341438412666321, 0.9107146859169006, 0.8978525400161743, 0.9421201944351196, 0.9130098819732666, 0.9308941960334778, 0.9350528120994568, 0.9458698034286499], "val_loss": [0.32738301157951355, 0.29256027936935425, 0.2686925530433655, 0.8172300457954407, 0.5328288674354553, 0.1878933608531952, 0.2178277224302292, 0.2892495393753052, 0.15425622463226318, 0.24964188039302826, 0.1858942210674286, 0.2039167732000351, 0.15899883210659027], "learning_rate": [0.0010000000474974513, 0.0010000000474974513, 0.0010000000474974513, 0.0010000000474974513, 0.0010000000474974513, 0.0005000000237487257, 0.0005000000237487257, 0.0005000000237487257, 0.0002500000118743628, 0.0002500000118743628, 0.0002500000118743628, 0.0001250000059371814, 0.0001250000059371814]}