{"accuracy": [0.8618054986000061, 0.9042835831642151, 0.9173389673233032, 0.9322179555892944, 0.9367004036903381, 0.9405919909477234, 0.94429612159729, 0.9480059146881104, 0.9565049409866333, 0.960402250289917, 0.9630894064903259, 0.9694523215293884, 0.9719634056091309, 0.9738325476646423, 0.9758890867233276, 0.9801329374313354, 0.9811782836914062], "loss": [0.32771962881088257, 0.24050383269786835, 0.21072174608707428, 0.17800092697143555, 0.16632959246635437, 0.1564306616783142, 0.14841517806053162, 0.13875243067741394, 0.11720441281795502, 0.10939130932092667, 0.1015733927488327, 0.08524317294359207, 0.07947693020105362, 0.0742548406124115, 0.06879100203514099, 0.05827953666448593, 0.05494820699095726], "val_accuracy": [0.8594932556152344, 0.8496080040931702, 0.7923644781112671, 0.9008522033691406, 0.8184524774551392, 0.9189637303352356, 0.9102374911308289, 0.8047721982002258, 0.9385297298431396, 0.9128507971763611, 0.9396886825561523, 0.9361436367034912, 0.9462788105010986, 0.9460743069648743, 0.9363027215003967, 0.9478241205215454, 0.94102942943573], "val_loss": [0.3292943239212036, 0.34470438957214355, 0.7102954983711243, 0.2465755194425583, 0.599198579788208, 0.20912516117095947, 0.2347949892282486, 0.9403656125068665, 0.16047969460487366, 0.2417585551738739, 0.16863547265529633, 0.16680996119976044, 0.15881624817848206, 0.16714191436767578, 0.19824376702308655, 0.17172051966190338, 0.20589423179626465], "learning_rate": [0.0010000000474974513, 0.0010000000474974513, 0.0010000000474974513, 0.0005000000237487257, 0.0005000000237487257, 0.0005000000237487257, 0.0005000000237487257, 0.0005000000237487257, 0.0002500000118743628, 0.0002500000118743628, 0.0002500000118743628, 0.0001250000059371814, 0.0001250000059371814, 0.0001250000059371814, 0.0001250000059371814, 6.25000029685907e-05, 6.25000029685907e-05]}