{"accuracy": [0.8548687696456909, 0.8937620520591736, 0.9083115458488464, 0.9174070954322815, 0.929456889629364, 0.9339961409568787], "loss": [0.3405908942222595, 0.2616637051105499, 0.2310563027858734, 0.21132107079029083, 0.18344329297542572, 0.1737377792596817], "val_accuracy": [0.8255652785301208, 0.9094875454902649, 0.8807408213615417, 0.869651198387146, 0.8279967904090881, 0.9055107235908508], "val_loss": [0.41645941138267517, 0.22594322264194489, 0.2875080704689026, 0.30819591879844666, 0.46356868743896484, 0.2371881753206253], "learning_rate": [0.0010000000474974513, 0.0010000000474974513, 0.0010000000474974513, 0.0010000000474974513, 0.0005000000237487257, 0.0005000000237487257]}